id,result_price
27235,64104
27236,9746
27237,17640
27238,40390
27239,76229
27240,11748
27241,36379
27242,84480
27243,59798
27244,96213
27245,25743
27246,73321
27247,21768
27248,27500
27249,24550
27250,58199
27251,51695
27252,74363
27253,78805
27254,54932
27255,57103
27256,19494
27257,37053
27258,16662
27259,72774
27260,2268
27261,55266
27262,41622
27263,97144
27264,74007
27265,6165
27266,15095
27267,6099
27268,26727
27269,77408
27270,41055
27271,45315
27272,82659
27273,74121
27274,3463
27275,13621
27276,38296
27277,92061
27278,37103
27279,89216
27280,53793
27281,56974
27282,39279
27283,97816
27284,34164
27285,79779
27286,6365
27287,52029
27288,98510
27289,25816
27290,13977
27291,60165
27292,82673
27293,18205
27294,19967
27295,90787
27296,69746
27297,18456
27298,74701
27299,90638
27300,44712
27301,274
27302,3564
27303,56710
27304,93392
27305,5085
27306,2438
27307,55664
27308,93271
27309,45733
27310,37001
27311,72084
27312,99945
27313,88028
27314,4169
27315,30491
27316,77967
27317,8458
27318,46722
27319,95402
27320,27056
27321,70923
27322,13417
27323,6417
27324,29767
27325,46857
27326,4343
27327,2963
27328,27169
27329,36879
27330,39019
27331,80588
27332,50434
27333,45277
27334,47993
27335,94757
27336,80618
27337,13192
27338,27800
27339,83074
27340,59506
27341,80058
27342,28119
27343,23608
27344,87358
27345,12486
27346,91233
27347,95337
27348,26715
27349,37899
27350,20655
27351,24464
27352,49519
27353,91987
27354,83321
27355,79460
27356,91631
27357,6877
27358,18204
27359,64996
27360,5143
27361,62985
27362,29263
27363,45780
27364,53660
27365,32570
27366,53664
27367,76604
27368,59042
27369,87685
27370,93598
27371,47459
27372,19680
27373,57896
27374,94070
27375,44892
27376,77887
27377,67225
27378,9882
27379,10099
27380,86300
27381,68175
27382,19258
27383,10886
27384,79732
27385,35063
27386,31047
27387,18531
27388,27386
27389,96100
27390,71085
27391,17394
27392,31315
27393,41997
27394,76628
27395,50369
27396,28359
27397,83040
27398,91308
27399,11285
27400,85428
27401,28871
27402,61162
27403,21056
27404,2349
27405,27265
27406,82420
27407,74310
27408,71374
27409,65693
27410,74007
27411,20358
27412,24253
27413,31173
27414,27847
27415,54244
27416,84698
27417,12769
27418,61530
27419,88356
27420,55658
27421,56833
27422,87283
27423,6480
27424,21776
27425,37001
27426,33344
27427,80364
27428,10826
27429,78517
27430,36891
27431,24078
27432,22232
27433,48865
27434,28295
27435,77351
27436,52303
27437,91353
27438,36860
27439,30898
27440,48331
27441,87727
27442,51887
27443,54153
27444,9469
27445,593
27446,20171
27447,67010
27448,68275
27449,10877
27450,35496
27451,64665
27452,4246
27453,13547
27454,32342
27455,66691
27456,90812
27457,28957
27458,29449
27459,31202
27460,21357
27461,93081
27462,21297
27463,80023
27464,69902
27465,1868
27466,30096
27467,53288
27468,85639
27469,93992
27470,81785
27471,73416
27472,67715
27473,66463
27474,5907
27475,35197
27476,46134
27477,87411
27478,52670
27479,21677
27480,61565
27481,58143
27482,30945
27483,18684
27484,75761
27485,41867
27486,17191
27487,22848
27488,67650
27489,9964
27490,48262
27491,58140
27492,8578
27493,4091
27494,48814
27495,4128
27496,91777
27497,62725
27498,45711
27499,54672
27500,11807
27501,91583
27502,8535
27503,66157
27504,31275
27505,30202
27506,28304
27507,38059
27508,14304
27509,66842
27510,77686
27511,45313
27512,5142
27513,98827
27514,65509
27515,59853
27516,79288
27517,64171
27518,38030
27519,13373
27520,3044
27521,17347
27522,51153
27523,16978
27524,28276
27525,51808
27526,87047
27527,53803
27528,13603
27529,50224
27530,65310
27531,95995
27532,15584
27533,51826
27534,58005
27535,73338
27536,5152
27537,61757
27538,54462
27539,359
27540,3949
27541,21174
27542,65047
27543,93796
27544,69837
27545,56756
27546,2935
27547,1825
27548,80238
27549,59714
27550,46498
27551,17702
27552,2078
27553,20923
27554,55041
27555,90383
27556,37803
27557,27982
27558,65668
27559,19896
27560,70286
27561,66686
27562,39371
27563,18810
27564,9369
27565,43370
27566,44923
27567,2216
27568,17184
27569,41284
27570,72944
27571,38235
27572,79636
27573,23887
27574,10455
27575,27476
27576,68812
27577,30259
27578,72622
27579,91705
27580,85273
27581,83769
27582,94795
27583,30722
27584,9192
27585,5958
27586,80685
27587,15047
27588,97013
27589,41981
27590,19774
27591,58545
27592,27276
27593,58997
27594,63410
27595,32120
27596,18565
27597,34102
27598,18567
27599,51997
27600,84203
27601,32956
27602,42132
27603,24926
27604,15057
27605,52475
27606,65457
27607,86897
27608,59431
27609,30481
27610,11751
27611,32836
27612,63103
27613,17768
27614,96709
27615,50861
27616,78916
27617,84915
27618,67521
27619,816
27620,68040
27621,11633
27622,34043
27623,69768
27624,12839
27625,50201
27626,10832
27627,37405
27628,83361
27629,72598
27630,93923
27631,93399
27632,61113
27633,42068
27634,95974
27635,64760
27636,2449
27637,54429
27638,29826
27639,52100
27640,14328
27641,88797
27642,97102
27643,14177
27644,48169
27645,44940
27646,51832
27647,93422
27648,18243
27649,93596
27650,43237
27651,22294
27652,71404
27653,68161
27654,50344
27655,42497
27656,39059
27657,6637
27658,58372
27659,5739
27660,86509
27661,67551
27662,75928
27663,21910
27664,69592
27665,38904
27666,71843
27667,77456
27668,78608
27669,98105
27670,19535
27671,95426
27672,96315
27673,25707
27674,41499
27675,28145
27676,56981
27677,96425
27678,39389
27679,74768
27680,81194
27681,3244
27682,35980
27683,97120
27684,35087
27685,56409
27686,49108
27687,74337
27688,94960
27689,74317
27690,84290
27691,99377
27692,99366
27693,89102
27694,73561
27695,81045
27696,39353
27697,47445
27698,61329
27699,42682
27700,38339
27701,6291
27702,71668
27703,2430
27704,97485
27705,79504
27706,32615
27707,13981
27708,99673
27709,9417
27710,93693
27711,54091
27712,60087
27713,40272
27714,98635
27715,75914
27716,49689
27717,77976
27718,55387
27719,27389
27720,76701
27721,95446
27722,50949
27723,16706
27724,49309
27725,37519
27726,24692
27727,40662
27728,2645
27729,77171
27730,44296
27731,76879
27732,12962
27733,42468
27734,71216
27735,47010
27736,76210
27737,5310
27738,57221
27739,31066
27740,57092
27741,48131
27742,41667
27743,80752
27744,91993
27745,27220
27746,37627
27747,69165
27748,46822
27749,17925
27750,88879
27751,27813
27752,90132
27753,24581
27754,80551
27755,7792
27756,42344
27757,26473
27758,23300
27759,39312
27760,56665
27761,90970
27762,18081
27763,73427
27764,8737
27765,15129
27766,88241
27767,79519
27768,23458
27769,73609
27770,91736
27771,26261
27772,61376
27773,94946
27774,31291
27775,60772
27776,32753
27777,61824
27778,11873
27779,37262
27780,97196
27781,74973
27782,58574
27783,33952
27784,65481
27785,10868
27786,770
27787,86106
27788,35782
27789,11779
27790,44284
27791,60281
27792,79051
27793,40310
27794,46288
27795,30219
27796,46935
27797,39868
27798,48458
27799,92483
27800,78178
27801,66961
27802,19480
27803,44594
27804,88449
27805,91491
27806,23834
27807,48659
27808,87356
27809,55933
27810,40876
27811,85054
27812,4269
27813,75224
27814,90259
27815,5855
27816,73801
27817,38939
27818,35340
27819,95074
27820,26635
27821,59220
27822,42363
27823,95802
27824,78620
27825,25740
27826,8870
27827,50799
27828,47860
27829,33540
27830,24713
27831,86731
27832,63399
27833,17557
27834,35399
27835,13348
27836,43113
27837,98825
27838,13678
27839,56332
27840,44595
27841,23400
27842,10429
27843,83354
27844,88462
27845,74988
27846,43690
27847,71794
27848,97122
27849,31269
27850,27787
27851,1424
27852,81620
27853,74068
27854,51911
27855,37573
27856,26737
27857,32424
27858,58877
27859,14697
27860,87496
27861,25246
27862,69486
27863,43317
27864,92418
27865,43927
27866,91426
27867,79382
27868,15488
27869,33122
27870,96731
27871,30949
27872,89490
27873,46730
27874,41727
27875,30981
27876,8516
27877,40022
27878,70242
27879,19545
27880,96652
27881,1158
27882,3992
27883,57189
27884,92865
27885,27789
27886,35252
27887,76898
27888,35063
27889,61690
27890,74239
27891,45969
27892,5743
27893,64022
27894,66554
27895,80692
27896,18608
27897,29858
27898,76072
27899,94642
27900,59834
27901,54337
27902,68691
27903,14038
27904,48483
27905,15337
27906,3265
27907,15824
27908,17002
27909,18450
27910,86313
27911,73185
27912,46476
27913,91036
27914,54118
27915,93852
27916,81074
27917,46945
27918,22012
27919,18982
27920,55799
27921,88417
27922,98184
27923,68750
27924,6709
27925,66394
27926,62799
27927,75010
27928,75234
27929,55654
27930,60680
27931,43705
27932,20725
27933,33989
27934,5065
27935,85346
27936,30101
27937,56596
27938,67809
27939,61748
27940,14741
27941,58026
27942,61264
27943,9697
27944,57523
27945,26356
27946,67161
27947,31425
27948,48097
27949,65279
27950,43714
27951,79165
27952,20415
27953,1448
27954,13445
27955,83348
27956,98111
27957,99424
27958,57560
27959,47366
27960,36225
27961,57118
27962,51890
27963,36808
27964,85707
27965,40323
27966,72994
27967,70955
27968,59134
27969,15904
27970,56074
27971,3117
27972,17958
27973,55954
27974,4490
27975,40474
27976,2418
27977,22045
27978,14610
27979,66918
27980,28065
27981,1901
27982,23165
27983,87134
27984,17280
27985,70663
27986,86414
27987,26316
27988,95236
27989,64964
27990,17580
27991,61266
27992,82379
27993,33757
27994,56680
27995,34351
27996,46945
27997,70091
27998,91724
27999,13523
28000,71083
28001,41332
28002,43911
28003,83143
28004,14176
28005,68405
28006,6395
28007,94496
28008,76874
28009,66171
28010,77442
28011,3813
28012,82220
28013,45025
28014,71929
28015,2533
28016,14599
28017,4662
28018,84546
28019,28666
28020,72351
28021,35932
28022,64555
28023,38298
28024,79026
28025,84813
28026,92662
28027,88278
28028,17396
28029,69044
28030,8188
28031,37845
28032,72067
28033,38641
28034,68638
28035,75933
28036,75445
28037,58514
28038,49511
28039,26232
28040,1646
28041,48907
28042,93593
28043,89225
28044,1515
28045,60743
28046,88799
28047,65429
28048,38838
28049,94323
28050,88386
28051,81777
28052,11148
28053,50900
28054,18351
28055,50813
28056,86409
28057,35053
28058,55684
28059,34004
28060,15399
28061,42014
28062,82865
28063,19373
28064,66386
28065,80171
28066,71689
28067,98656
28068,24119
28069,904
28070,79100
28071,27468
28072,75222
28073,27617
28074,39493
28075,59768
28076,41458
28077,20001
28078,77884
28079,78848
28080,61113
28081,35296
28082,49408
28083,36106
28084,75748
28085,93183
28086,93505
28087,84665
28088,63769
28089,14633
28090,76492
28091,11021
28092,93982
28093,26259
28094,72950
28095,31097
28096,9106
28097,84952
28098,87129
28099,93589
28100,11267
28101,38259
28102,50893
28103,14677
28104,4505
28105,68758
28106,508
28107,42259
28108,32711
28109,86148
28110,60898
28111,36006
28112,80869
28113,62766
28114,28078
28115,5732
28116,39794
28117,7630
28118,31187
28119,6820
28120,75787
28121,51572
28122,7700
28123,63097
28124,7240
28125,21575
28126,85362
28127,31170
28128,20963
28129,45457
28130,9769
28131,40375
28132,59747
28133,49363
28134,68917
28135,29419
28136,98237
28137,76287
28138,36241
28139,8798
28140,63349
28141,49684
28142,80514
28143,69375
28144,9321
28145,88557
28146,71714
28147,59996
28148,63910
28149,95534
28150,68981
28151,97753
28152,33684
28153,61793
28154,28034
28155,24406
28156,26116
28157,47142
28158,94759
28159,47216
28160,38860
28161,27287
28162,95149
28163,82108
28164,67574
28165,64650
28166,35978
28167,66063
28168,42366
28169,6523
28170,72865
28171,85270
28172,96335
28173,51655
28174,23904
28175,79471
28176,95057
28177,69220
28178,66822
28179,56487
28180,47786
28181,75390
28182,64989
28183,52896
28184,78107
28185,10330
28186,88227
28187,4243
28188,47538
28189,69324
28190,4679
28191,57956
28192,41699
28193,64323
28194,65418
28195,5680
28196,58739
28197,37098
28198,95463
28199,92671
28200,3051
28201,47578
28202,56696
28203,29799
28204,52171
28205,16157
28206,80488
28207,28457
28208,41633
28209,68463
28210,84031
28211,65228
28212,12645
28213,13428
28214,63984
28215,65487
28216,11636
28217,32704
28218,70668
28219,92784
28220,98391
28221,20758
28222,76891
28223,13610
28224,87733
28225,87210
28226,49919
28227,33579
28228,95178
28229,95957
28230,45450
28231,99439
28232,71674
28233,26941
28234,20910
28235,79491
28236,71449
28237,29265
28238,92495
28239,44405
28240,49404
28241,27427
28242,52055
28243,43508
28244,991
28245,7561
28246,9009
28247,71760
28248,57534
28249,50352
28250,97279
28251,5176
28252,97164
28253,65417
28254,52363
28255,84197
28256,71591
28257,62188
28258,93224
28259,15351
28260,87218
28261,71924
28262,14462
28263,83233
28264,43179
28265,80859
28266,80880
28267,93444
28268,71914
28269,38005
28270,61941
28271,48357
28272,37964
28273,68620
28274,85360
28275,5066
28276,66654
28277,76192
28278,38616
28279,10873
28280,64421
28281,87044
28282,2924
28283,6060
28284,42139
28285,92375
28286,84550
28287,25487
28288,99588
28289,56412
28290,40832
28291,98175
28292,94373
28293,76343
28294,10519
28295,16453
28296,7668
28297,31281
28298,78467
28299,71343
28300,46252
28301,70652
28302,65163
28303,57497
28304,88872
28305,38081
28306,53808
28307,60934
28308,30996
28309,7876
28310,94349
28311,73961
28312,26266
28313,13814
28314,26212
28315,6986
28316,39968
28317,48485
28318,98001
28319,57734
28320,34911
28321,53569
28322,16159
28323,83818
28324,29020
28325,22194
28326,87784
28327,53754
28328,59166
28329,55351
28330,79984
28331,99434
28332,59369
28333,68271
28334,7423
28335,19714
28336,1059
28337,62449
28338,25635
28339,62295
28340,52387
28341,2045
28342,95281
28343,20659
28344,5754
28345,67329
28346,25900
28347,1765
28348,10529
28349,42306
28350,1217
28351,25026
28352,82425
28353,63163
28354,6843
28355,82733
28356,47306
28357,57235
28358,97057
28359,77211
28360,86855
28361,47439
28362,89752
28363,47124
28364,17966
28365,22424
28366,3994
28367,76742
28368,62016
28369,252
28370,49795
28371,44185
28372,92138
28373,49633
28374,52140
28375,1827
28376,55794
28377,49982
28378,23541
28379,65072
28380,75499
28381,13958
28382,89265
28383,77905
28384,75659
28385,69692
28386,14360
28387,23690
28388,48466
28389,58366
28390,11464
28391,42137
28392,71459
28393,56708
28394,34514
28395,67033
28396,44601
28397,86930
28398,94937
28399,5099
28400,23168
28401,9708
28402,55607
28403,40026
28404,34804
28405,27970
28406,40255
28407,11433
28408,54064
28409,46589
28410,87494
28411,5787
28412,99208
28413,26418
28414,6669
28415,50523
28416,20888
28417,76626
28418,84751
28419,63320
28420,94364
28421,76687
28422,67528
28423,17349
28424,60853
28425,48806
28426,96102
28427,68224
28428,36467
28429,50188
28430,15280
28431,22485
28432,55112
28433,2684
28434,16318
28435,95568
28436,48186
28437,77189
28438,7263
28439,19483
28440,67382
28441,73287
28442,11806
28443,66180
28444,51637
28445,73625
28446,98140
28447,55676
28448,58180
28449,69033
28450,8879
28451,42099
28452,54136
28453,37482
28454,68976
28455,32418
28456,17557
28457,1670
28458,83584
28459,35202
28460,48157
28461,80721
28462,3977
28463,72490
28464,20817
28465,8621
28466,4143
28467,87104
28468,33234
28469,42100
28470,80384
28471,32489
28472,29671
28473,91422
28474,17298
28475,14782
28476,36567
28477,90831
28478,9878
28479,36060
28480,84251
28481,96886
28482,62994
28483,57312
28484,37299
28485,39844
28486,34835
28487,57335
28488,81459
28489,46557
28490,79855
28491,12611
28492,56850
28493,28870
28494,54891
28495,43086
28496,72872
28497,23888
28498,38767
28499,52444
28500,72087
28501,84882
28502,87546
28503,24410
28504,18700
28505,69220
28506,2866
28507,43060
28508,94081
28509,5542
28510,75477
28511,30567
28512,32560
28513,64192
28514,51759
28515,61394
28516,66289
28517,5191
28518,16556
28519,95293
28520,49705
28521,76172
28522,31400
28523,86021
28524,54842
28525,56678
28526,34782
28527,68417
28528,15141
28529,80732
28530,15717
28531,28992
28532,51831
28533,1375
28534,98718
28535,8467
28536,98938
28537,51783
28538,39554
28539,58668
28540,40293
28541,7969
28542,78337
28543,46341
28544,28570
28545,45029
28546,18303
28547,19261
28548,33738
28549,57926
28550,72217
28551,94319
28552,66599
28553,63182
28554,49355
28555,63033
28556,75305
28557,51902
28558,63759
28559,59435
28560,47174
28561,95662
28562,66328
28563,14161
28564,48058
28565,67373
28566,96179
28567,40104
28568,17836
28569,33174
28570,61902
28571,65051
28572,75877
28573,32245
28574,6505
28575,80515
28576,57991
28577,57966
28578,97652
28579,7516
28580,65419
28581,47397
28582,61046
28583,6703
28584,97993
28585,75138
28586,80792
28587,12759
28588,28404
28589,84938
28590,28566
28591,21411
28592,85467
28593,11386
28594,76491
28595,54785
28596,1802
28597,29340
28598,84465
28599,71600
28600,47038
28601,62267
28602,42259
28603,89891
28604,34961
28605,13333
28606,4807
28607,63891
28608,3241
28609,60377
28610,58805
28611,93328
28612,72479
28613,24836
28614,83487
28615,4189
28616,32238
28617,55390
28618,98780
28619,11979
28620,39182
28621,51592
28622,9062
28623,83758
28624,36319
28625,13882
28626,22009
28627,46403
28628,80472
28629,48817
28630,60432
28631,50624
28632,11746
28633,74329
28634,14873
28635,86257
28636,33218
28637,29614
28638,26460
28639,53296
28640,52475
28641,14063
28642,81861
28643,25862
28644,56296
28645,77506
28646,75714
28647,69283
28648,14890
28649,52038
28650,26987
28651,33728
28652,68852
28653,93140
28654,36648
28655,44263
28656,296
28657,66198
28658,784
28659,30508
28660,54446
28661,38750
28662,29767
28663,21824
28664,47983
28665,75040
28666,56766
28667,14156
28668,69909
28669,35068
28670,23878
28671,36736
28672,13190
28673,32588
28674,61428
28675,69655
28676,21516
28677,20150
28678,97823
28679,8534
28680,91212
28681,86877
28682,783
28683,21689
28684,2358
28685,5716
28686,50108
28687,55950
28688,240
28689,49367
28690,61976
28691,12041
28692,40252
28693,91890
28694,66575
28695,10176
28696,53728
28697,99804
28698,84334
28699,64084
28700,50071
28701,62213
28702,24786
28703,73243
28704,46236
28705,80502
28706,63182
28707,52043
28708,40877
28709,9409
28710,96323
28711,26244
28712,91102
28713,70079
28714,35203
28715,20716
28716,21446
28717,49748
28718,30191
28719,83423
28720,94320
28721,34055
28722,25587
28723,43885
28724,55737
28725,74583
28726,81544
28727,73722
28728,91020
28729,16283
28730,12163
28731,3718
28732,55177
28733,2685
28734,14017
28735,65754
28736,98460
28737,37599
28738,16326
28739,79089
28740,98586
28741,31537
28742,34341
28743,97579
28744,9066
28745,58893
28746,8775
28747,70103
28748,58579
28749,61977
28750,81294
28751,8929
28752,18749
28753,33113
28754,99287
28755,53094
28756,80426
28757,391
28758,9572
28759,54769
28760,71783
28761,99231
28762,99407
28763,44277
28764,14290
28765,33149
28766,58884
28767,61956
28768,62216
28769,10775
28770,61474
28771,60929
28772,95229
28773,34030
28774,80274
28775,77973
28776,82741
28777,85461
28778,84670
28779,78906
28780,88846
28781,57714
28782,72095
28783,51953
28784,61997
28785,82541
28786,10826
28787,91708
28788,99457
28789,96002
28790,14857
28791,37662
28792,10088
28793,88306
28794,27284
28795,19142
28796,98436
28797,4333
28798,5721
28799,51859
28800,85818
28801,75269
28802,95212
28803,19445
28804,61462
28805,71880
28806,63835
28807,45049
28808,26063
28809,56826
28810,61617
28811,87580
28812,79197
28813,56847
28814,25723
28815,79566
28816,66737
28817,46323
28818,14045
28819,93814
28820,65909
28821,75961
28822,98843
28823,38239
28824,83313
28825,65064
28826,63381
28827,92012
28828,42861
28829,82200
28830,89680
28831,29826
28832,78412
28833,94242
28834,90681
28835,27393
28836,66516
28837,11638
28838,15325
28839,64863
28840,15152
28841,50075
28842,9919
28843,41953
28844,16802
28845,42662
28846,59570
28847,43126
28848,70120
28849,15403
28850,28894
28851,38654
28852,70892
28853,68660
28854,51512
28855,54452
28856,1313
28857,25725
28858,2232
28859,56970
28860,48755
28861,65951
28862,33144
28863,6443
28864,15356
28865,63217
28866,52245
28867,99629
28868,11115
28869,194
28870,43068
28871,4835
28872,39649
28873,34098
28874,79561
28875,13199
28876,650
28877,51741
28878,47471
28879,21740
28880,35874
28881,508
28882,77520
28883,13645
28884,9212
28885,38567
28886,82038
28887,66260
28888,21333
28889,65367
28890,34237
28891,94816
28892,51895
28893,60697
28894,26879
28895,12483
28896,4183
28897,3749
28898,66265
28899,63660
28900,26724
28901,59178
28902,42461
28903,40757
28904,72712
28905,27550
28906,29758
28907,98275
28908,46235
28909,93372
28910,94258
28911,87731
28912,46554
28913,42052
28914,35188
28915,12249
28916,33866
28917,73110
28918,99731
28919,49732
28920,41350
28921,8091
28922,2762
28923,10554
28924,13879
28925,61847
28926,84123
28927,95160
28928,42459
28929,18547
28930,13446
28931,54308
28932,83567
28933,93520
28934,47710
28935,33765
28936,35076
28937,76729
28938,44560
28939,77047
28940,23384
28941,94026
28942,65599
28943,38958
28944,15743
28945,26276
28946,84413
28947,96170
28948,70680
28949,49899
28950,33786
28951,59502
28952,53591
28953,11655
28954,70027
28955,21072
28956,27993
28957,29156
28958,79626
28959,34613
28960,88586
28961,56775
28962,11904
28963,93594
28964,69673
28965,80096
28966,39553
28967,34138
28968,67763
28969,62176
28970,46053
28971,47339
28972,21584
28973,82813
28974,10868
28975,96727
28976,32888
28977,97699
28978,55021
28979,26632
28980,84031
28981,31531
28982,33211
28983,15548
28984,77516
28985,77172
28986,68804
28987,24441
28988,42545
28989,23085
28990,70883
28991,91934
28992,55715
28993,51401
28994,68220
28995,76638
28996,55324
28997,5584
28998,48469
28999,89885
29000,43534
29001,62686
29002,62304
29003,66896
29004,25675
29005,97320
29006,58097
29007,83728
29008,48468
29009,10054
29010,88119
29011,67272
29012,36166
29013,19054
29014,38214
29015,12892
29016,63861
29017,34293
29018,39609
29019,56654
29020,28241
29021,33738
29022,18980
29023,90423
29024,13899
29025,27380
29026,6271
29027,81191
29028,39825
29029,81452
29030,46871
29031,5978
29032,28565
29033,47557
29034,29172
29035,55371
29036,3117
29037,42050
29038,65466
29039,98914
29040,59181
29041,71412
29042,4116
29043,56638
29044,77023
29045,43913
29046,18406
29047,70353
29048,92323
29049,9999
29050,42103
29051,46046
29052,16983
29053,39257
29054,87514
29055,4453
29056,26556
29057,98439
29058,34030
29059,42585
29060,32006
29061,26502
29062,4780
29063,12153
29064,66149
29065,6972
29066,79080
29067,8521
29068,24928
29069,52403
29070,54839
29071,31668
29072,68033
29073,23178
29074,26516
29075,73388
29076,25155
29077,94858
29078,20983
29079,72553
29080,24083
29081,40923
29082,98040
29083,34099
29084,56777
29085,12121
29086,283
29087,79937
29088,92213
29089,63816
29090,82061
29091,40686
29092,2707
29093,70356
29094,71568
29095,91059
29096,40386
29097,72702
29098,53875
29099,57427
29100,11859
29101,33878
29102,2623
29103,62057
29104,17136
29105,39414
29106,73106
29107,31973
29108,56594
29109,11685
29110,1831
29111,85876
29112,52425
29113,92181
29114,53848
29115,23601
29116,83037
29117,76465
29118,82166
29119,71767
29120,4408
29121,72795
29122,28726
29123,45462
29124,68928
29125,28126
29126,52935
29127,80429
29128,29252
29129,45676
29130,84779
29131,88699
29132,28712
29133,17915
29134,14654
29135,29736
29136,33797
29137,80258
29138,48887
29139,63389
29140,93135
29141,46008
29142,55167
29143,72675
29144,81917
29145,62637
29146,65927
29147,5368
29148,22717
29149,194
29150,92972
29151,32992
29152,98678
29153,96612
29154,94849
29155,46664
29156,13467
29157,54055
29158,53785
29159,11648
29160,83435
29161,78996
29162,71663
29163,93413
29164,19486
29165,24871
29166,90135
29167,91085
29168,38638
29169,24105
29170,64131
29171,36927
29172,56658
29173,76009
29174,8574
29175,25420
29176,67890
29177,50506
29178,51206
29179,83533
29180,4818
29181,32838
29182,56675
29183,96238
29184,86781
29185,21929
29186,43673
29187,28157
29188,77343
29189,77674
29190,2427
29191,61262
29192,56716
29193,49751
29194,1841
29195,69494
29196,54455
29197,2804
29198,2226
29199,23131
29200,15297
29201,8654
29202,22442
29203,13400
29204,98170
29205,52722
29206,28256
29207,15858
29208,64426
29209,31886
29210,32314
29211,79829
29212,94232
29213,77547
29214,17102
29215,87878
29216,83905
29217,34397
29218,41441
29219,60382
29220,88105
29221,65522
29222,5016
29223,23891
29224,66366
29225,27541
29226,64477
29227,76478
29228,26152
29229,91393
29230,18694
29231,54046
29232,87041
29233,32305
29234,4780
29235,11547
29236,55803
29237,44574
29238,97394
29239,40209
29240,51725
29241,57898
29242,9817
29243,32941
29244,87198
29245,46938
29246,96434
29247,65858
29248,94585
29249,34076
29250,60654
29251,56832
29252,44441
29253,63105
29254,85703
29255,71478
29256,54321
29257,83815
29258,18347
29259,13617
29260,80660
29261,20139
29262,51992
29263,44668
29264,59151
29265,99505
29266,31975
29267,30616
29268,20421
29269,71037
29270,76520
29271,66572
29272,27678
29273,3252
29274,99444
29275,37805
29276,70944
29277,21393
29278,10379
29279,18750
29280,68650
29281,37284
29282,39228
29283,65851
29284,56307
29285,87575
29286,50325
29287,53774
29288,63534
29289,24893
29290,49903
29291,25941
29292,85139
29293,75889
29294,46296
29295,35678
29296,31091
29297,3319
29298,96612
29299,50157
29300,88728
29301,29988
29302,63216
29303,54834
29304,37540
29305,62484
29306,28704
29307,74330
29308,30423
29309,79812
29310,57962
29311,79103
29312,28192
29313,14183
29314,69747
29315,7179
29316,30298
29317,85364
29318,23624
29319,55264
29320,73599
29321,73344
29322,82612
29323,8857
29324,12407
29325,62914
29326,62987
29327,34797
29328,30132
29329,882
29330,64908
29331,98695
29332,81460
29333,7969
29334,49495
29335,9629
29336,7423
29337,66783
29338,90921
29339,55540
29340,97442
29341,20728
29342,91995
29343,73066
29344,43768
29345,41815
29346,46739
29347,20431
29348,72239
29349,45638
29350,83350
29351,14484
29352,98120
29353,17951
29354,11606
29355,35499
29356,38781
29357,29836
29358,72981
29359,66307
29360,38737
29361,42573
29362,48255
29363,49596
29364,30638
29365,51152
29366,98599
29367,7807
29368,91955
29369,70718
29370,59396
29371,40311
29372,18537
29373,33779
29374,19060
29375,59485
29376,6775
29377,15594
29378,46562
29379,81143
29380,722
29381,5192
29382,85363
29383,69880
29384,86811
29385,66056
29386,42640
29387,35935
29388,28876
29389,19694
29390,50357
29391,9996
29392,33939
29393,50286
29394,72461
29395,48798
29396,7876
29397,50015
29398,34140
29399,26328
29400,82389
29401,9817
29402,85326
29403,65529
29404,52104
29405,66735
29406,41729
29407,83114
29408,51142
29409,18022
29410,40969
29411,69538
29412,82040
29413,30884
29414,28912
29415,58116
29416,30079
29417,50943
29418,27133
29419,46514
29420,80795
29421,67285
29422,86389
29423,16866
29424,15138
29425,87105
29426,1454
29427,69265
29428,26529
29429,86134
29430,59052
29431,13934
29432,55498
29433,740
29434,37345
29435,55014
29436,5651
29437,34973
29438,65086
29439,44550
29440,25138
29441,83620
29442,79274
29443,85780
29444,15063
29445,62184
29446,55337
29447,59214
29448,16569
29449,39245
29450,8224
29451,71132
29452,33987
29453,48701
29454,31583
29455,6075
29456,47867
29457,57220
29458,72191
29459,88585
29460,61693
29461,40184
29462,71603
29463,91929
29464,5371
29465,17713
29466,30511
29467,92879
29468,27458
29469,41410
29470,24079
29471,74844
29472,36514
29473,64483
29474,75357
29475,93733
29476,17492
29477,26577
29478,67747
29479,21280
29480,2347
29481,43799
29482,76707
29483,79044
29484,72695
29485,54410
29486,40429
29487,57297
29488,39929
29489,65435
29490,43742
29491,12867
29492,77250
29493,2177
29494,74660
29495,1423
29496,32276
29497,77371
29498,47761
29499,5541
29500,87943
29501,66419
29502,7582
29503,92022
29504,66634
29505,54618
29506,30821
29507,58417
29508,81571
29509,48927
29510,70103
29511,10471
29512,80998
29513,69780
29514,41488
29515,22911
29516,33516
29517,17162
29518,42412
29519,79055
29520,94711
29521,83202
29522,17790
29523,72481
29524,22686
29525,601
29526,85343
29527,40498
29528,759
29529,54478
29530,66632
29531,15322
29532,65927
29533,2893
29534,45175
29535,60646
29536,64924
29537,59293
29538,20857
29539,96213
29540,26651
29541,59163
29542,50637
29543,40372
29544,36764
29545,75801
29546,86918
29547,50195
29548,25152
29549,18448
29550,88650
29551,17793
29552,4720
29553,49855
29554,56926
29555,32048
29556,28842
29557,13151
29558,54272
29559,49749
29560,14723
29561,21173
29562,41143
29563,72524
29564,46655
29565,35228
29566,10757
29567,80015
29568,37829
29569,50014
29570,39326
29571,26110
29572,92814
29573,52012
29574,93396
29575,50218
29576,28889
29577,42791
29578,40903
29579,13661
29580,84922
29581,79057
29582,25755
29583,95139
29584,75853
29585,20621
29586,47559
29587,46284
29588,9826
29589,85424
29590,48941
29591,88461
29592,35109
29593,4651
29594,3376
29595,89882
29596,31663
29597,3620
29598,45507
29599,7169
29600,93846
29601,57318
29602,25564
29603,63002
29604,64229
29605,96017
29606,50025
29607,82711
29608,1008
29609,7986
29610,82767
29611,70757
29612,93968
29613,54540
29614,29318
29615,4291
29616,91842
29617,9883
29618,30060
29619,41803
29620,17804
29621,43141
29622,20492
29623,22717
29624,59294
29625,14169
29626,56872
29627,81779
29628,33356
29629,60230
29630,67824
29631,47290
29632,15701
29633,20222
29634,58579
29635,66458
29636,4442
29637,30755
29638,28224
29639,58826
29640,68015
29641,69139
29642,6216
29643,98184
29644,39593
29645,35417
29646,60532
29647,50926
29648,92411
29649,15871
29650,91924
29651,23835
29652,68947
29653,85482
29654,52705
29655,42431
29656,16312
29657,30151
29658,20028
29659,31358
29660,58162
29661,68131
29662,24288
29663,97775
29664,4666
29665,75571
29666,59305
29667,88527
29668,41788
29669,1192
29670,28171
29671,61919
29672,29602
29673,95747
29674,83854
29675,93981
29676,18403
29677,24972
29678,51104
29679,98708
29680,30123
29681,16173
29682,41169
29683,63696
29684,98506
29685,13883
29686,10262
29687,17422
29688,46327
29689,96948
29690,20818
29691,79293
29692,56855
29693,58323
29694,84727
29695,40204
29696,15939
29697,35621
29698,99842
29699,1823
29700,54557
29701,7222
29702,49211
29703,97003
29704,30782
29705,85727
29706,29834
29707,20056
29708,78014
29709,96635
29710,88811
29711,31497
29712,64426
29713,81714
29714,23339
29715,41079
29716,42137
29717,25370
29718,71243
29719,12265
29720,10176
29721,26491
29722,45802
29723,79444
29724,85140
29725,24784
29726,177
29727,27340
29728,2247
29729,25119
29730,33299
29731,86941
29732,62282
29733,46061
29734,45805
29735,17016
29736,69106
29737,78695
29738,78254
29739,93628
29740,29490
29741,86493
29742,22366
29743,30328
29744,17926
29745,75937
29746,679
29747,95012
29748,59793
29749,88904
29750,99250
29751,36884
29752,22095
29753,57770
29754,95802
29755,80991
29756,87676
29757,39764
29758,88017
29759,2383
29760,36576
29761,25210
29762,45045
29763,94088
29764,80680
29765,29917
29766,57051
29767,70703
29768,65688
29769,81693
29770,87437
29771,12934
29772,94816
29773,64880
29774,1734
29775,17568
29776,18175
29777,34067
29778,80295
29779,91311
29780,71186
29781,22839
29782,95175
29783,73457
29784,72403
29785,46887
29786,75248
29787,91390
29788,82905
29789,51860
29790,67059
29791,63162
29792,92061
29793,42514
29794,49202
29795,32895
29796,84258
29797,5282
29798,64502
29799,21850
29800,66257
29801,65890
29802,21696
29803,14901
29804,2435
29805,50718
29806,65374
29807,30622
29808,66183
29809,58465
29810,31719
29811,13246
29812,95226
29813,25142
29814,65926
29815,70952
29816,84564
29817,90181
29818,89284
29819,63845
29820,4402
29821,90236
29822,40090
29823,28502
29824,81348
29825,97887
29826,57830
29827,38848
29828,53403
29829,33593
29830,27543
29831,30912
29832,31118
29833,86415
29834,98541
29835,72022
29836,39278
29837,33254
29838,66874
29839,85690
29840,27938
29841,89842
29842,26384
29843,75229
29844,53315
29845,77662
29846,69711
29847,43293
29848,44251
29849,12493
29850,59589
29851,57245
29852,36684
29853,97839
29854,90361
29855,29153
29856,13624
29857,91834
29858,94226
29859,27176
29860,3891
29861,82341
29862,48943
29863,25998
29864,87910
29865,35020
29866,4986
29867,66511
29868,39551
29869,57479
29870,45271
29871,75482
29872,4644
29873,33522
29874,65516
29875,70422
29876,93151
29877,44402
29878,35306
29879,14822
29880,28645
29881,77299
29882,97267
29883,57444
29884,51996
29885,53649
29886,18041
29887,57520
29888,89566
29889,58864
29890,25374
29891,89662
29892,49882
29893,81096
29894,68294
29895,49803
29896,72619
29897,94755
29898,42971
29899,92351
29900,65437
29901,24503
29902,78135
29903,94866
29904,1995
29905,35971
29906,925
29907,66939
29908,93068
29909,16784
29910,27367
29911,6212
29912,9177
29913,89527
29914,62699
29915,29571
29916,6976
29917,74942
29918,16764
29919,6464
29920,76109
29921,76925
29922,63283
29923,25974
29924,38572
29925,39676
29926,27995
29927,46631
29928,69727
29929,4141
29930,51113
29931,92695
29932,58261
29933,57962
29934,38149
29935,41509
29936,83880
29937,42384
29938,3878
29939,5635
29940,82368
29941,57145
29942,28274
29943,33286
29944,42851
29945,68620
29946,38494
29947,86128
29948,58574
29949,50038
29950,39023
29951,39255
29952,95130
29953,4132
29954,19345
29955,96375
29956,84847
29957,34987
29958,29490
29959,52613
29960,2648
29961,95966
29962,69042
29963,88608
29964,29948
29965,74400
29966,75429
29967,21785
29968,93239
29969,96149
29970,84669
29971,44042
29972,47018
29973,18955
29974,33698
29975,95485
29976,19015
29977,16461
29978,63038
29979,355
29980,13335
29981,88237
29982,610
29983,72916
29984,22734
29985,73291
29986,53323
29987,79823
29988,41375
29989,86299
29990,56309
29991,84214
29992,89750
29993,61752
29994,44148
29995,75409
29996,69543
29997,93127
29998,45668
29999,43728
30000,93184
30001,60624
30002,98618
30003,21074
30004,48773
30005,85815
30006,13461
30007,86127
30008,61795
30009,72557
30010,71987
30011,67160
30012,62292
30013,89172
30014,50607
30015,47338
30016,81599
30017,88855
30018,71952
30019,35638
30020,78171
30021,46463
30022,24671
30023,97580
30024,52273
30025,46087
30026,66185
30027,5053
30028,55361
30029,29118
30030,99113
30031,76542
30032,96585
30033,66113
30034,48597
30035,85937
30036,90802
30037,24247
30038,79836
30039,30200
30040,44628
30041,70818
30042,34346
30043,6782
30044,74428
30045,29473
30046,35646
30047,13048
30048,15649
30049,22961
30050,66619
30051,12549
30052,44278
30053,95499
30054,23056
30055,96399
30056,95141
30057,73289
30058,32053
30059,64443
30060,89014
30061,86409
30062,1384
30063,75306
30064,87297
30065,68766
30066,60184
30067,69377
30068,88278
30069,2352
30070,31650
30071,65232
30072,95940
30073,57183
30074,70687
30075,70835
30076,75013
30077,91779
30078,72151
30079,12892
30080,74903
30081,34388
30082,97588
30083,96181
30084,88195
30085,13895
30086,39462
30087,95091
30088,65938
30089,11370
30090,58064
30091,75289
30092,63562
30093,96427
30094,98602
30095,48239
30096,11746
30097,99936
30098,94587
30099,35007
30100,70187
30101,58417
30102,30896
30103,83698
30104,23031
30105,54513
30106,74962
30107,12994
30108,60858
30109,17038
30110,45494
30111,37690
30112,31054
30113,21961
30114,51888
30115,92928
30116,47564
30117,53057
30118,71902
30119,98375
30120,46058
30121,80575
30122,7481
30123,75553
30124,34148
30125,35136
30126,74613
30127,77433
30128,68364
30129,76161
30130,14075
30131,95757
30132,84532
30133,50448
30134,64881
30135,33565
30136,25566
30137,28786
30138,33815
30139,96533
30140,94216
30141,18059
30142,86378
30143,44317
30144,63941
30145,13877
30146,75041
30147,63259
30148,87350
30149,86927
30150,41912
30151,1527
30152,77723
30153,10804
30154,53288
30155,35282
30156,25164
30157,39858
30158,57310
30159,8940
30160,825
30161,41431
30162,45571
30163,86318
30164,24589
30165,19361
30166,60924
30167,48857
30168,14318
30169,71991
30170,93124
30171,73444
30172,82851
30173,79261
30174,31166
30175,38192
30176,97578
30177,11360
30178,7087
30179,55954
30180,37706
30181,60700
30182,89940
30183,32247
30184,92702
30185,68769
30186,38351
30187,1043
30188,37653
30189,76038
30190,25554
30191,72778
30192,61028
30193,9643
30194,9189
30195,35559
30196,32262
30197,2989
30198,16228
30199,12151
30200,66840
30201,51336
30202,37014
30203,65792
30204,50039
30205,54681
30206,45388
30207,84724
30208,56109
30209,60019
30210,45579
30211,47442
30212,49732
30213,69422
30214,66178
30215,26464
30216,11049
30217,9748
30218,7951
30219,62113
30220,98536
30221,6542
30222,62653
30223,98295
30224,86429
30225,6912
30226,15139
30227,72871
30228,8537
30229,4896
30230,69562
30231,16402
30232,16486
30233,79982
30234,73980
30235,10308
30236,46004
30237,86830
30238,5855
30239,95200
30240,27835
30241,78225
30242,93518
30243,26213
30244,12503
30245,2640
30246,56736
30247,35108
30248,35748
30249,45472
30250,8052
30251,73313
30252,10657
30253,28221
30254,72814
30255,95434
30256,73217
30257,66062
30258,2355
30259,2892
30260,19841
30261,11866
30262,96836
30263,57333
30264,64709
30265,91480
30266,54754
30267,87758
30268,53823
30269,785
30270,73966
30271,2322
30272,80899
30273,33734
30274,62807
30275,84085
30276,88332
30277,83662
30278,90812
30279,40383
30280,60373
30281,35316
30282,39972
30283,7078
30284,40346
30285,32432
30286,49398
30287,12820
30288,70554
30289,14258
30290,62619
30291,54470
30292,43370
30293,28813
30294,37988
30295,98049
30296,83343
30297,2965
30298,82522
30299,9152
30300,39219
30301,9826
30302,38863
30303,87282
30304,9078
30305,58959
30306,18784
30307,37420
30308,97268
30309,6340
30310,32363
30311,76588
30312,95605
30313,97299
30314,94642
30315,72922
30316,47364
30317,36533
30318,14934
30319,14075
30320,9346
30321,79925
30322,76433
30323,25849
30324,93290
30325,23830
30326,75804
30327,75773
30328,48715
30329,43606
30330,11710
30331,89879
30332,35310
30333,64291
30334,34962
30335,86921
30336,95470
30337,69383
30338,26481
30339,77582
30340,31031
30341,28149
30342,14388
30343,96533
30344,24594
30345,49680
30346,75211
30347,98021
30348,91195
30349,27992
30350,54556
30351,52313
30352,30480
30353,49165
30354,97331
30355,73339
30356,61064
30357,61369
30358,86223
30359,27733
30360,82324
30361,43723
30362,79906
30363,76979
30364,50301
30365,82848
30366,25498
30367,39005
30368,18295
30369,32104
30370,51660
30371,4697
30372,52007
30373,5562
30374,92798
30375,10735
30376,52691
30377,36074
30378,13300
30379,5042
30380,42864
30381,82292
30382,18422
30383,10861
30384,88892
30385,54717
30386,87885
30387,83996
30388,52363
30389,13925
30390,8373
30391,91148
30392,87431
30393,68155
30394,99204
30395,17854
30396,50642
30397,77684
30398,34738
30399,68134
30400,6906
30401,24902
30402,64786
30403,14935
30404,55082
30405,66037
30406,84587
30407,42432
30408,7485
30409,78027
30410,51143
30411,48254
30412,39262
30413,77746
30414,72336
30415,94516
30416,74248
30417,32418
30418,1874
30419,35044
30420,16549
30421,66630
30422,30345
30423,98614
30424,13534
30425,19161
30426,89569
30427,57710
30428,58777
30429,6289
30430,28311
30431,69028
30432,25333
30433,15137
30434,18334
30435,97743
30436,63786
30437,22036
30438,25091
30439,80184
30440,59093
30441,81027
30442,50168
30443,73125
30444,72252
30445,53476
30446,4871
30447,33739
30448,17675
30449,28315
30450,64147
30451,39202
30452,42565
30453,92545
30454,87723
30455,99478
30456,11770
30457,52774
30458,15907
30459,27321
30460,39864
30461,39949
30462,86849
30463,59824
30464,82661
30465,58455
30466,61728
30467,55936
30468,42756
30469,90258
30470,87554
30471,78481
30472,18819
30473,52089
