id,result_price
27235,4969129.255198595
27236,4712058.479938868
27237,8348910.0018900335
27238,5080635.7356509445
27239,9292912.726183243
27240,7356724.245912958
27241,4157532.861537128
27242,4061635.7085065288
27243,6446879.013944248
27244,7354834.406575297
27245,8074145.595977447
27246,6530798.918056367
27247,6651399.606865016
27248,8258585.1413163915
27249,4377203.615450855
27250,8954904.212259859
27251,4267261.238680416
27252,8235121.267121362
27253,8595463.509117639
27254,5144842.837633185
27255,7921619.348766042
27256,5663076.644076016
27257,6656158.687155447
27258,7843377.69487182
27259,7771767.763539136
27260,7759370.272225152
27261,4745874.837937695
27262,2993748.044646739
27263,12986047.65361303
27264,5665235.05934793
27265,5550432.6093777595
27266,8578404.718727907
27267,6227059.3559624
27268,8574100.558246294
27269,4784068.351856375
27270,7292548.936723421
27271,10359848.957478194
27272,5700462.178628918
27273,6144563.260708175
27274,5753243.010266514
27275,8506298.464517519
27276,5577065.7656383645
27277,10505015.569821
27278,5902702.539579791
27279,5140494.859627465
27280,5376521.823835444
27281,6388169.833202819
27282,4971200.612160583
27283,3294537.521651775
27284,4214689.543144502
27285,9077130.250548426
27286,38364361.366586104
27287,8573313.765916957
27288,6138153.122469052
27289,3219114.032125328
27290,15161183.375137754
27291,8129160.800083406
27292,12375010.600607067
27293,5599982.346540319
27294,5407818.218722163
27295,6509718.842547923
27296,6343155.134396937
27297,5858390.464099644
27298,5999589.68505909
27299,11131004.991632191
27300,7035346.849192276
27301,14624703.78501681
27302,5872722.432217325
27303,8387749.396115935
27304,8654431.555376438
27305,5409347.108912252
27306,5496579.53453851
27307,5525957.584953458
27308,8676178.577892415
27309,9303696.522698086
27310,5386486.118661875
27311,6193919.5079378085
27312,17163645.397061832
27313,16708100.766856262
27314,6459404.573853843
27315,6999582.341124526
27316,7859592.14263883
27317,5715943.857665273
27318,5468006.07214503
27319,4232752.508833219
27320,6262902.653388226
27321,7275109.407136401
27322,5580458.406686734
27323,6966659.684475652
27324,2724536.373613681
27325,7281005.4625943685
27326,6034394.289523164
27327,7038030.517705792
27328,5492825.281988959
27329,8107297.089344966
27330,7850688.611311799
27331,4103708.0275748833
27332,7795899.005938278
27333,8965144.538042968
27334,8148855.845688768
27335,7645559.533541513
27336,11426479.308657221
27337,19541638.97270405
27338,5563974.5436508665
27339,9865973.20000196
27340,10590306.222233491
27341,6115613.7060444215
27342,12292075.730391005
27343,5050496.667168861
27344,5205822.3221615795
27345,4574720.43101215
27346,4374348.075227636
27347,6245014.444753225
27348,7070215.861698782
27349,6481717.227418942
27350,3095932.0401671636
27351,6403247.691516721
27352,5907056.678026746
27353,6980902.33360138
27354,7413084.1066646995
27355,4912519.055019093
27356,8444447.142517146
27357,6773159.303382081
27358,4739839.160057924
27359,4844018.976076762
27360,6311362.438169278
27361,5277390.524576062
27362,4659384.91575126
27363,5443148.280777022
27364,4231934.1305176
27365,5555593.891109841
27366,6628683.042119424
27367,4959126.503280462
27368,4246527.680877455
27369,7377625.318097699
27370,4516227.629644609
27371,5650493.888615311
27372,6863851.547491613
27373,7085424.428445884
27374,6612544.42837634
27375,6954197.335368188
27376,6259843.554876645
27377,12820090.015739338
27378,5033706.542886516
27379,10320006.248622777
27380,2991623.9050282906
27381,8953799.444141945
27382,10212762.859289333
27383,4910661.817840507
27384,6268568.70525928
27385,7732428.054862573
27386,8771296.520918926
27387,10779138.701357223
27388,8247603.602483019
27389,8124437.224916644
27390,5239829.919155031
27391,6969623.552531052
27392,6461151.805279217
27393,6238151.8476657355
27394,16251438.211794697
27395,5798335.429236825
27396,6142211.8147437135
27397,7826855.242039055
27398,6194176.707826321
27399,9673428.738428984
27400,5384095.417770393
27401,18082348.435370054
27402,4931215.425186236
27403,3747413.607289308
27404,8855177.82446695
27405,6745363.570308549
27406,8006931.546481939
27407,6542026.579617228
27408,4162689.244066569
27409,6055426.148373437
27410,21148373.915783945
27411,5414699.223547136
27412,8110916.884405051
27413,5130710.613467113
27414,9858729.83909423
27415,8811846.187901828
27416,6083551.674132705
27417,3658760.235932749
27418,4479948.753490259
27419,15547084.969779653
27420,7444900.898298991
27421,7691602.410690667
27422,7697301.187457912
27423,7844609.030803616
27424,7133529.893437164
27425,3824329.932583339
27426,5293879.569754739
27427,28142962.026787963
27428,8258041.271463505
27429,6604081.912780179
27430,5868534.176398816
27431,4663960.2060511075
27432,17139367.948396508
27433,3887876.275554351
27434,5498471.877537983
27435,5585329.245112779
27436,6172137.772879828
27437,6295741.449825678
27438,6602782.191986775
27439,6098792.832388248
27440,6036449.620542471
27441,4940750.612157587
27442,6952672.07531296
27443,7904373.839533822
27444,4084375.1370499185
27445,4601425.915362292
27446,7750697.510489623
27447,6222508.642163601
27448,8691882.070539407
27449,9145848.68597466
27450,6341944.7201811
27451,6510244.655142777
27452,9762827.739019446
27453,13549646.819348892
27454,11858423.364573551
27455,8509007.955697864
27456,6794092.864257457
27457,7454181.051470019
27458,10535368.867696716
27459,6994788.905391246
27460,8237135.650372446
27461,20046065.564209644
27462,10271523.482613685
27463,31877517.61499193
27464,6165274.967861201
27465,8205771.961021025
27466,3384221.279891818
27467,5741779.26204048
27468,7472134.461191009
27469,9508039.065627972
27470,8973960.962102313
27471,11051949.730846295
27472,4804490.510992016
27473,7240956.936977239
27474,14639096.077022042
27475,12718756.709673837
27476,8798825.785313059
27477,9314869.312019784
27478,8895257.056386992
27479,5806916.558122808
27480,9750517.200546032
27481,7663312.479862096
27482,6014925.66332937
27483,4260500.191907727
27484,4572304.697411294
27485,10265736.122272255
27486,8916405.222398983
27487,4786798.749982813
27488,4881143.423366397
27489,5578536.487777578
27490,5437179.126681297
27491,3642869.803737357
27492,7656229.632149317
27493,2715743.6665495755
27494,2554413.7533476492
27495,11804830.707415242
27496,6099224.8028798
27497,6022812.021626226
27498,8193654.632617143
27499,22733105.655739956
27500,8075834.44626136
27501,9287888.974041147
27502,6539837.316376476
27503,5889990.5365352705
27504,6938715.639900959
27505,9743366.664389458
27506,6297751.300749816
27507,7862186.683092306
27508,5609404.213535955
27509,3514547.6072721407
27510,8717971.315179659
27511,5611669.468588053
27512,5634774.499950202
27513,12313404.947289
27514,6012536.322296283
27515,5655232.1381741725
27516,6326015.37789583
27517,4986055.4105586745
27518,8861373.332723835
27519,8907999.901492186
27520,4715693.508029345
27521,5768525.790546372
27522,6374958.4135235045
27523,12892706.853601739
27524,6184997.3223789865
27525,9904243.922384225
27526,3311850.4135582363
27527,4630867.212050566
27528,7894395.2376962025
27529,5817209.120457364
27530,8887601.231357068
27531,5383812.455238317
27532,9167395.173463348
27533,7569426.466539258
27534,20885254.60684998
27535,5551026.198711544
27536,10297194.6625722
27537,4506606.47407377
27538,28041039.676749486
27539,7731809.246062038
27540,16494202.178929353
27541,5802539.9622880705
27542,6010705.1542045
27543,10921969.279690942
27544,9251661.312235361
27545,6373059.434345051
27546,6015918.03361962
27547,5975097.777092261
27548,7443343.7263137605
27549,15544577.954214498
27550,5595858.579023838
27551,5990143.590786337
27552,6211445.759527237
27553,9567303.142122628
27554,8830062.814500714
27555,7009918.200798134
27556,24112656.253686592
27557,9627564.956363177
27558,5740620.633884229
27559,15070304.423526103
27560,4668508.7634017
27561,4199417.206037419
27562,11022320.697077144
27563,6347175.784487879
27564,6459945.413789506
27565,5954169.506708363
27566,5001405.207451581
27567,7178785.353643351
27568,6024449.881415722
27569,6202904.0061617205
27570,4285304.683967319
27571,7966394.007442567
27572,11212603.312252307
27573,9634640.31806724
27574,5850575.587428628
27575,4699321.541937858
27576,8133704.622095039
27577,5331281.623474399
27578,9981879.029591667
27579,16071643.09666621
27580,4441002.81300365
27581,8423452.837876024
27582,6729480.092271552
27583,11051977.206811452
27584,5034798.580926352
27585,10803415.300557103
27586,8939990.876760064
27587,17154100.185292043
27588,6951724.4306673305
27589,6689171.097944534
27590,4649076.454015966
27591,6381880.259799187
27592,8668962.434432324
27593,5390762.042694003
27594,6354060.954841947
27595,5419633.408798101
27596,5553297.931070342
27597,6949519.484680203
27598,6887871.503148084
27599,10136682.385643493
27600,8796601.897606583
27601,5739309.413422856
27602,2824128.38452526
27603,4416752.6065945085
27604,11177471.391649893
27605,7496628.378965804
27606,4498357.484429764
27607,5677470.237730841
27608,4499528.4243101375
27609,3741765.666665325
27610,4606128.830999182
27611,5673338.963133333
27612,4717866.732608705
27613,10998380.568215055
27614,7946584.093583423
27615,4840684.134237852
27616,3727998.678504394
27617,8851857.61023736
27618,38190452.6443907
27619,6304175.266270738
27620,6022755.487708738
27621,8573193.586809952
27622,4341986.199605028
27623,4482179.471758752
27624,24054368.681213308
27625,10192382.261486555
27626,6281301.649564919
27627,5269464.121044024
27628,5573389.769642141
27629,10465727.39479769
27630,8160810.7050156845
27631,6372010.77415626
27632,6335438.3148878915
27633,15084883.694384595
27634,9760020.590384787
27635,6391537.589666474
27636,5535801.365530634
27637,9492869.41461107
27638,6335659.27552819
27639,6849182.520763458
27640,8444498.778675085
27641,6754762.99343665
27642,3206956.714891374
27643,4713462.155567664
27644,5249974.7130968915
27645,3325972.191024345
27646,6099130.730285721
27647,5713346.126457164
27648,4637675.040329692
27649,3622501.733445892
27650,4708892.832021371
27651,2533715.550264198
27652,8328891.664073308
27653,4135087.43058921
27654,11646463.652550565
27655,5676371.65144503
27656,6722964.1271520965
27657,4045328.6903338647
27658,5026356.115618812
27659,4825426.484952297
27660,11473021.207143703
27661,3965939.717946299
27662,7004840.078505318
27663,9053824.575407924
27664,2153149.516578235
27665,6427664.707570006
27666,4281456.814398289
27667,7967012.58741958
27668,9171644.098304713
27669,6989205.298224858
27670,5555593.891109841
27671,4840293.4699972505
27672,19845105.30503495
27673,7837432.7880298225
27674,5516995.24514101
27675,5640577.846517977
27676,10287749.867893344
27677,4164118.965031039
27678,4578875.615985712
27679,11888886.152128434
27680,10479835.286444692
27681,9348590.206614053
27682,7686899.531706478
27683,6662973.058218989
27684,6117355.071302065
27685,7317346.282625245
27686,6100366.897115716
27687,10006948.172874188
27688,8165784.269357781
27689,9211696.225586258
27690,5304660.70565333
27691,5657089.1516556805
27692,5119007.0797462715
27693,6079219.2226514965
27694,5400348.393110362
27695,3770422.74191709
27696,5974643.562393858
27697,7506552.802770502
27698,17458454.521525905
27699,5187785.528176384
27700,12624023.586848356
27701,14859552.976258041
27702,6393049.630010179
27703,9639475.213658363
27704,24693888.52225882
27705,7629751.488025943
27706,6027244.941770566
27707,5407713.478141792
27708,8821249.983765798
27709,6546414.266014735
27710,10827488.504529245
27711,8222547.016824901
27712,9728438.121034117
27713,5476318.403642903
27714,5507583.357119683
27715,8328131.471794943
27716,5041498.803521514
27717,3737008.608583824
27718,5543407.200782758
27719,4504679.098091251
27720,7441074.128982418
27721,8666508.86837465
27722,5251055.02804595
27723,5285906.49161711
27724,4210100.581012894
27725,9398508.637253473
27726,6561751.510281142
27727,4800061.344085086
27728,8099777.302644344
27729,7587375.64187833
27730,6233194.931075274
27731,5481907.207896692
27732,9480766.76634061
27733,7937688.382835342
27734,6218785.989952956
27735,7583518.023882607
27736,5587368.505656957
27737,10565277.290936647
27738,10427402.217091957
27739,6321213.515819795
27740,5456871.901023962
27741,10280003.219521934
27742,8369323.340692861
27743,7666562.933667604
27744,4976822.764618169
27745,5689056.903929421
27746,4860700.066485668
27747,4443092.329263587
27748,8314396.952486803
27749,4729381.393402826
27750,7027928.900897819
27751,6301659.664837081
27752,15150519.860159101
27753,7949426.786983227
27754,6482724.685075033
27755,4770340.4395864215
27756,15574540.93836149
27757,5139520.421519608
27758,6254969.766571663
27759,7147224.457270782
27760,4904465.142512669
27761,8369782.86419444
27762,7482737.7383272955
27763,2218840.418508207
27764,8900181.382562371
27765,9694073.803352632
27766,8855231.128163844
27767,5270527.033338827
27768,8048538.760424326
27769,4217307.5136802895
27770,4941666.850681989
27771,14965995.628923075
27772,7191547.150853098
27773,6123644.271441873
27774,41445908.44723091
27775,6133980.624697878
27776,6378222.4423692515
27777,10826743.268134123
27778,6675335.611396481
27779,7283853.757785024
27780,6460833.985369942
27781,9026530.639686583
27782,6155707.874477352
27783,11862545.956377383
27784,3223415.8755006082
27785,4240763.235113417
27786,7322581.275028017
27787,6193501.348783872
27788,4425034.737088781
27789,6256452.470598435
27790,7635979.554642208
27791,6360795.1628745925
27792,14144114.870610343
27793,9746049.73680289
27794,7418987.59278984
27795,7246452.213698573
27796,26786285.39649783
27797,6654141.285228953
27798,6280184.062376225
27799,4714363.434066747
27800,7451434.688131903
27801,7547188.366978213
27802,12698273.983744908
27803,13519798.59398951
27804,4162846.743424988
27805,6886803.085199437
27806,6141602.59348714
27807,5666759.326381994
27808,6305698.971223091
27809,7279874.525066163
27810,4224043.23378046
27811,12997147.142081017
27812,7211538.742343283
27813,7937507.311734544
27814,4561891.921323062
27815,5902271.448650135
27816,8341045.334270459
27817,5503806.721822263
27818,2069706.92048657
27819,8302915.378067584
27820,4474441.948121806
27821,7354614.596367226
27822,3838796.890277657
27823,11821989.43588408
27824,7205303.217126088
27825,11949172.12454312
27826,6325911.957239164
27827,5634580.704989367
27828,5904528.993955196
27829,14271978.667791504
27830,4858317.637848855
27831,5203403.572105389
27832,6142512.501278487
27833,7056393.897571514
27834,4943339.141902339
27835,7321776.051187025
27836,6756198.821814588
27837,6809825.105603471
27838,4010150.565612085
27839,5624698.9360335115
27840,4153873.9856275343
27841,5104398.975615099
27842,6720325.420075375
27843,7782544.534251514
27844,5971371.312756028
27845,7201930.481558318
27846,6653087.202144501
27847,4349028.494572854
27848,7706890.607835071
27849,8326690.326705211
27850,7499369.427656116
27851,7653397.88991644
27852,8168867.879427464
27853,5249585.951266057
27854,10835711.131243493
27855,8693056.795461906
27856,5838357.595903558
27857,5117448.681950847
27858,7430769.02846499
27859,5153577.307998148
27860,9649333.353931135
27861,9861904.968092263
27862,7696811.200878917
27863,3572309.0668093306
27864,8007815.141016001
27865,4858221.497291283
27866,5072883.792606624
27867,7046364.949069955
27868,7733867.498543076
27869,15751301.414175363
27870,6530159.167913847
27871,5327352.316914815
27872,6406212.90013291
27873,4352842.16667336
27874,7223976.92671091
27875,3761563.3027521116
27876,4243774.0204403475
27877,6373090.568892421
27878,4873730.6375665525
27879,4382005.030531013
27880,4560419.24591756
27881,23286643.724727605
27882,5772305.770471568
27883,11586449.328142691
27884,7058674.818360307
27885,6001496.794100574
27886,4946396.406063007
27887,4784269.324823109
27888,6464820.831710947
27889,6573633.980888096
27890,7848503.29702683
27891,8565318.646792987
27892,10091421.589760536
27893,3783779.0560094067
27894,23114308.86674291
27895,5138648.917160338
27896,5740297.932772665
27897,4156578.5304697435
27898,7565894.953390384
27899,5061637.978989504
27900,10255143.959797757
27901,5955952.642080959
27902,5732297.441659446
27903,7211687.532674656
27904,4213203.392049607
27905,10270234.17558711
27906,6215239.893817665
27907,11322986.853427544
27908,20594436.39494807
27909,10095869.388311323
27910,5276038.741023516
27911,7910653.877978869
27912,8598162.671929553
27913,6386323.815876787
27914,7142133.589356131
27915,5353872.61670394
27916,3285254.8555195094
27917,7155387.03092415
27918,4938843.007691977
27919,6632231.436585382
27920,8513585.612062246
27921,5713894.802905261
27922,14344313.214397589
27923,11043714.84530535
27924,5982584.270932596
27925,7027792.525486214
27926,5371124.760107599
27927,7136798.136209661
27928,5142377.008541836
27929,4858324.003138898
27930,10129675.060748905
27931,13814590.803820502
27932,5948104.749731913
27933,7258378.507233012
27934,8383848.598432024
27935,7886148.798657469
27936,5195957.453314687
27937,8563018.866116455
27938,8439950.594633998
27939,5772566.523445218
27940,5281478.9670824185
27941,14177623.84623638
27942,10273900.042294167
27943,5563974.5436508665
27944,6434285.20413351
27945,14097916.205050733
27946,9935961.423338087
27947,1758905.2293229268
27948,11824568.002625916
27949,5151164.567679912
27950,6272593.439319439
27951,3007352.9479567753
27952,6559610.559735473
27953,7236873.058987613
27954,6204995.3065077225
27955,5832867.916331241
27956,8203293.684403094
27957,4691529.359769086
27958,6196132.520161616
27959,6579339.725042664
27960,5850897.960147939
27961,8935554.54694985
27962,19531808.393100508
27963,8851603.094354726
27964,8395377.767081458
27965,8340621.91577306
27966,5091822.646196593
27967,7953954.6320796795
27968,5643686.478665814
27969,4661696.824765595
27970,5604303.471429492
27971,13457450.364285287
27972,13562000.77403284
27973,6153133.955613161
27974,7731227.7745878305
27975,6496927.259577575
27976,7340238.546325302
27977,5402121.694022678
27978,2427648.637436096
27979,8978449.970512405
27980,6539795.940432015
27981,4728945.528968102
27982,13243308.012244973
27983,8318737.521187465
27984,9477692.32056771
27985,12176274.972386451
27986,5902550.710862194
27987,6051312.525976336
27988,22744048.429534853
27989,11432890.00633403
27990,4278612.1441557305
27991,6392063.364385188
27992,6609925.003690347
27993,5249167.380925291
27994,9158738.626267938
27995,4309214.013856282
27996,4678094.884894144
27997,6249687.361127865
27998,5055175.848963388
27999,8197564.676217776
28000,7634217.506013335
28001,5414766.065952599
28002,4974494.494728498
28003,2842215.9230738557
28004,9865986.953925412
28005,6157288.593779828
28006,8523629.81091543
28007,4645842.362651202
28008,4274244.593372825
28009,6423621.347586845
28010,7393104.324131949
28011,4292546.881253734
28012,2844888.425905882
28013,7063498.842898001
28014,11221155.181392724
28015,5669707.803505507
28016,6294622.133519425
28017,11139430.16667414
28018,15698464.241028264
28019,10617582.084217997
28020,16382181.707111139
28021,4976067.671071108
28022,3210613.837542299
28023,8100500.704179764
28024,4262157.884587903
28025,4590469.99999207
28026,6294832.612700125
28027,7197907.082713182
28028,10955783.631218217
28029,4127719.8227290036
28030,6417038.416288307
28031,2986920.042123824
28032,8241694.864113323
28033,4729262.089911959
28034,7423142.499600291
28035,5512947.652156548
28036,6910504.638976975
28037,7062007.37240941
28038,5434393.553813132
28039,8164136.369870461
28040,6545794.437429355
28041,4672626.70259236
28042,5292897.800325358
28043,7963984.774320571
28044,9071733.25128465
28045,4489766.642915325
28046,5729241.438021077
28047,13892732.89938507
28048,6360430.635566059
28049,9864396.878142556
28050,3785136.7646190175
28051,6941482.757444094
28052,8641706.968650768
28053,9413589.8033968
28054,6246333.734742881
28055,6184929.341211327
28056,4505888.27238108
28057,8843517.774372127
28058,3710793.249609128
28059,6757353.819171336
28060,5267858.947612283
28061,11850063.289276822
28062,9838377.09508846
28063,4928392.1076035565
28064,6555897.560760531
28065,6480092.2476125285
28066,7220868.927610092
28067,7467987.446422099
28068,6160887.924284426
28069,6507033.5133971395
28070,10191382.720337005
28071,8906583.599854723
28072,10915196.14732905
28073,6624401.72515803
28074,4282086.5181942275
28075,4810835.059901652
28076,6058971.429733833
28077,6209988.750054318
28078,11374668.994430955
28079,5132343.016801532
28080,3407401.9604623993
28081,10133182.45809623
28082,7351520.121628374
28083,4458211.004054604
28084,9763459.447914567
28085,7511199.459716548
28086,4952838.028585516
28087,8682695.280130446
28088,9129482.831927683
28089,9566149.541978797
28090,5562599.347847624
28091,6530897.604547694
28092,8252922.025439931
28093,11790682.711627357
28094,5099870.949527407
28095,4839610.450076074
28096,20108094.959742498
28097,17409802.65097257
28098,25015247.486557454
28099,5365069.261234051
28100,6823226.087472579
28101,7626287.5229613865
28102,10142927.81890974
28103,5918195.1511653485
28104,5814844.947318044
28105,14129593.604468368
28106,6476338.728097237
28107,7194744.717596294
28108,15599228.279251484
28109,14303958.770387102
28110,6025715.9295270825
28111,8035243.766382542
28112,4210100.581012894
28113,7768026.21940815
28114,8293047.141918021
28115,5460241.649824147
28116,6385217.909757175
28117,4981964.7335514
28118,7947393.687164332
28119,12403881.38572003
28120,9877976.531348262
28121,12129404.891336635
28122,3721912.737572133
28123,6642210.799309494
28124,5427111.260053291
28125,7219429.2846549265
28126,10930259.256926052
28127,14031995.752920896
28128,7351067.6782721635
28129,6406135.903739425
28130,13253949.995919779
28131,7395231.369697815
28132,10225672.00423958
28133,12357882.8304786
28134,7120628.239749465
28135,26914098.496128168
28136,9964405.283538483
28137,9131700.136542216
28138,9387349.38933471
28139,9106398.07789021
28140,4978566.665319024
28141,13313584.298982253
28142,5905870.560075003
28143,12768180.77457407
28144,5834676.474812119
28145,6993510.486555319
28146,6135946.850071721
28147,5788054.1557895085
28148,9143795.897014836
28149,8381223.633442328
28150,10030952.71223628
28151,6477564.306394246
28152,5883215.673664283
28153,5234995.239007519
28154,5746211.511046622
28155,8091159.118776151
28156,5233615.310165236
28157,6277818.350524286
28158,5678847.619429168
28159,7937407.8304708
28160,3722219.772262301
28161,5328839.870705244
28162,3453117.036522967
28163,11749918.745635655
28164,6144272.155932274
28165,6123272.421745521
28166,7254551.769930219
28167,3923610.076368876
28168,3767411.311158812
28169,8336356.983621872
28170,7416718.84263173
28171,5237813.189538769
28172,7117281.9955704715
28173,9679564.60286907
28174,7437414.640257284
28175,3912672.3390240767
28176,2227949.5526272994
28177,6931853.140019425
28178,4604722.216814937
28179,6977346.183937446
28180,14918010.712918095
28181,6726442.673728298
28182,7109450.5518884165
28183,4831665.875679108
28184,7063858.936572659
28185,8527641.087986626
28186,6239852.88398509
28187,11552927.875519268
28188,7406637.441176093
28189,5612298.574958381
28190,9727342.359195998
28191,9682020.64683993
28192,13446097.372627476
28193,3556884.044728323
28194,5685960.48317488
28195,10134500.533086559
28196,23645430.309922643
28197,17261639.163166337
28198,4068851.6056794915
28199,15981484.245884137
28200,6418563.721104885
28201,39803181.86557817
28202,5410153.9263946405
28203,5863880.610907298
28204,6567835.082823282
28205,6463672.005317768
28206,5767188.482024056
28207,6361718.384459609
28208,5883472.108859144
28209,5619386.597727932
28210,8693171.683569422
28211,11353302.827917358
28212,9110247.457427332
28213,6485759.178406692
28214,5912560.558456963
28215,8590300.465597006
28216,6239168.337146094
28217,14911869.957730824
28218,8561082.559625933
28219,5503114.597236271
28220,6329164.690872166
28221,6329820.14147737
28222,6625686.245212745
28223,7414859.349893586
28224,10365521.662758831
28225,4992998.127765855
28226,4565843.821084018
28227,6143498.461987609
28228,2651152.0277119647
28229,3489464.1694614803
28230,6466529.749070159
28231,6101239.684770947
28232,5893385.422398499
28233,9292313.645368647
28234,5460213.674880747
28235,8075491.569948494
28236,20858896.604395404
28237,6585391.829325148
28238,5278684.326692603
28239,7060379.355860618
28240,8391249.406961031
28241,6122658.5312313605
28242,6882725.060723174
28243,11466388.840404887
28244,4057455.3971344153
28245,7804101.406402387
28246,5672947.000985649
28247,8165597.324447345
28248,11520431.043408897
28249,9980909.573973315
28250,8382395.567780622
28251,6643491.59302812
28252,5688932.79709213
28253,8223801.8857359
28254,7225415.772508017
28255,4518989.373031688
28256,5097047.499858976
28257,11197500.728109322
28258,7325520.49690358
28259,16383495.439284302
28260,8288688.579797273
28261,2411273.2447835277
28262,11600863.78833994
28263,5072546.36199813
28264,6360309.2444897
28265,4978967.481496126
28266,4864798.662792279
28267,6351044.652807357
28268,12353982.256158123
28269,8856065.066713283
28270,2150902.7049941127
28271,23815750.646851707
28272,12809366.31738212
28273,7216673.78523259
28274,8074405.433932277
28275,14942157.894879378
28276,6373068.06036672
28277,11243872.065130593
28278,2006467.3900936586
28279,4590432.309753022
28280,9656316.922569502
28281,9114568.57266771
28282,4787843.753380961
28283,4952828.65664333
28284,6386723.844737672
28285,10627869.500841692
28286,4338060.10449293
28287,3124890.180026349
28288,4244879.29334452
28289,6961361.602958838
28290,5576236.040862489
28291,4794824.133773884
28292,10324657.04356905
28293,28296280.71192584
28294,4679665.87336248
28295,10388093.470613053
28296,18746076.429965224
28297,4103143.620844262
28298,7270860.95322192
28299,4264478.07565536
28300,3434410.4986548536
28301,7406019.409429337
28302,6902661.089555638
28303,8727045.377017537
28304,17945777.988662187
28305,7029028.65813539
28306,6829679.144873722
28307,10892305.578101667
28308,2872917.548289518
28309,3880289.3743087263
28310,8329214.212228133
28311,9198320.907836722
28312,6950721.9157925835
28313,18533908.4938456
28314,3156071.3574173287
28315,5099694.415653904
28316,6027395.796097556
28317,6206788.804212694
28318,3546282.0814787187
28319,8834891.80766343
28320,4868538.656481937
28321,7241296.29497873
28322,9476535.829398153
28323,5968897.592401653
28324,5700537.044025729
28325,12501177.572375376
28326,5838055.325475132
28327,6840094.912670401
28328,4778845.5425959965
28329,43849812.60643376
28330,9628713.78593551
28331,6901724.569987901
28332,3131447.6720914994
28333,8403399.742585024
28334,5858987.966920377
28335,6027941.166834644
28336,15984626.063193684
28337,6308495.491319124
28338,3683403.19921147
28339,6506690.720063744
28340,6667016.890539239
28341,7648355.800670723
28342,4132239.1187185925
28343,7825912.126772841
28344,8075090.513537324
28345,7763614.001820441
28346,6192024.442821485
28347,2927119.3624867257
28348,5726193.659733614
28349,6319599.936226026
28350,3788497.6183153484
28351,6191524.290109578
28352,6711753.437559697
28353,4923607.399098485
28354,8754479.562279053
28355,9547722.974037481
28356,8115122.705101788
28357,8180872.737422449
28358,6042710.3082421385
28359,17150835.211509675
28360,5768321.024377546
28361,5012371.984241144
28362,5667202.152120603
28363,10782291.950812934
28364,5768321.024377546
28365,11754584.560943674
28366,7536343.090055019
28367,7381972.913578025
28368,5917901.934956586
28369,7126424.5164230885
28370,5672949.648252664
28371,6824992.756886831
28372,6355137.033241973
28373,4145669.074293082
28374,8119737.526274847
28375,15145705.565779876
28376,5387223.435428833
28377,7319393.316904352
28378,2147923.176316469
28379,5606294.050643331
28380,6288641.553885925
28381,4905902.6753913695
28382,5899195.889277817
28383,10072443.250982394
28384,4858693.568282988
28385,5805684.219598526
28386,7950087.999396487
28387,6090164.235981326
28388,34442692.10182631
28389,5252671.465839603
28390,8522767.118079998
28391,8014939.632784655
28392,20511415.3105441
28393,4059944.423501949
28394,39088413.94433576
28395,3670209.788865325
28396,9495959.238289354
28397,4123469.846607338
28398,5327804.9959772825
28399,7599509.619575058
28400,11613201.590995455
28401,5123250.234857913
28402,5678578.808589188
28403,7179157.073920907
28404,1889455.755509947
28405,7081312.90162468
28406,3790952.148318626
28407,4243774.0204403475
28408,9584504.407756513
28409,6979576.134890923
28410,13983527.780880872
28411,10131329.30814129
28412,11077790.990533568
28413,10815238.828831404
28414,5861430.149240654
28415,5189109.09480161
28416,10796849.967103405
28417,4205678.984243527
28418,9510425.58347755
28419,3629391.7786257197
28420,7395530.61248957
28421,8603504.34488263
28422,5702793.8122224845
28423,7166471.07214305
28424,9459688.319559544
28425,5847602.484357196
28426,13858970.042558033
28427,8783130.422933294
28428,5536592.150883863
28429,7384270.577327992
28430,14120986.629911872
28431,3908187.107848108
28432,11213136.938520998
28433,1977343.3467626285
28434,6231803.044595469
28435,5628127.365536448
28436,6378101.82276472
28437,16305989.297001725
28438,7469919.307706991
28439,9166451.431407548
28440,15071055.21865539
28441,7749169.248638394
28442,12330277.29693393
28443,5546541.395607154
28444,3250633.018817303
28445,6244640.762286867
28446,7420266.746778798
28447,5596410.434842769
28448,9102050.026380599
28449,4690907.236621773
28450,13777036.112739135
28451,6450999.74877629
28452,6049201.95884746
28453,5940036.482213015
28454,11752119.047844276
28455,5227015.351062593
28456,4535856.109975325
28457,2125634.674203088
28458,6982559.251138099
28459,2745727.529628187
28460,4811410.292664242
28461,8405160.860747494
28462,7693401.9963159235
28463,6341140.9765851805
28464,4866146.614946311
28465,5032879.228539942
28466,6801872.709082634
28467,8139215.106392953
28468,7651837.788142984
28469,6347861.147001496
28470,3596932.4709178135
28471,5657752.644371807
28472,8181425.558677289
28473,8823978.00378789
28474,4508619.806517138
28475,17340856.17503355
28476,5830970.081517567
28477,10693002.431108756
28478,10740059.932251628
28479,9549370.418048529
28480,6750678.607090894
28481,8516765.433291122
28482,8384546.123177901
28483,7036648.013356854
28484,5224815.205156615
28485,4013562.351849311
28486,5677906.078370319
28487,10573627.925066782
28488,8197130.534530353
28489,5041683.009736517
28490,7107786.634575878
28491,4390009.447279255
28492,5016632.64152169
28493,5193812.9804864405
28494,5088320.756708474
28495,10795484.24760183
28496,7470261.62064098
28497,9394726.25258767
28498,3779988.0505530504
28499,6487481.678349833
28500,11163421.495066665
28501,8942404.200734891
28502,17745753.046310455
28503,5155611.445705134
28504,4439397.927348274
28505,5417152.610409912
28506,7967009.365442851
28507,4711134.295961301
28508,5958766.135655939
28509,3970824.188876383
28510,4883794.008603131
28511,12992261.16074848
28512,6787059.71024298
28513,9132404.181394706
28514,9518972.853413748
28515,4617207.741390126
28516,5075894.203923476
28517,7270088.04074521
28518,7424390.546138711
28519,6421226.59074854
28520,10535243.507531254
28521,3502790.833097559
28522,5218587.9431807455
28523,7986319.9943746105
28524,4801456.292140179
28525,10568747.968899898
28526,3801229.3151853657
28527,4696558.569747567
28528,5487942.006563862
28529,4626013.162800234
28530,8171040.983879945
28531,5647582.461017433
28532,8568254.411737451
28533,7029981.741359244
28534,6543104.582823453
28535,7743114.71059737
28536,6316240.506316845
28537,6672405.719164796
28538,6998020.691527453
28539,4997611.512850487
28540,5426596.307740389
28541,10858420.32761838
28542,6097454.409648382
28543,5870866.948641033
28544,4801847.697561073
28545,14359758.109586202
28546,10908535.6055773
28547,8143507.3265101705
28548,5710184.870649349
28549,6164127.177088584
28550,18148520.34181201
28551,8635663.81506032
28552,7524075.943415207
28553,5056798.04386318
28554,5558744.709997821
28555,10203924.546284765
28556,5098579.303642012
28557,8663830.120393516
28558,10142927.81890974
28559,6387745.600937533
28560,4969679.242914258
28561,6082620.927936477
28562,10086713.594867729
28563,6290087.711982989
28564,31216383.76044457
28565,4818808.465658335
28566,6140581.04891679
28567,8121345.391897831
28568,11727985.77365569
28569,7618410.683835914
28570,8471688.077022446
28571,6899850.067585394
28572,36219575.55735133
28573,14740008.729652114
28574,7224557.762795063
28575,5063628.430169029
28576,10064001.354787938
28577,5115867.261455704
28578,9078746.51643968
28579,13433620.417805895
28580,3756205.992387434
28581,4853883.823977388
28582,4974844.3633483
28583,3943423.9249661914
28584,6324558.586963131
28585,9310853.678685877
28586,8167197.229667273
28587,9226049.519019086
28588,6734044.906293807
28589,5929946.516112466
28590,6894379.639208968
28591,3291239.900996457
28592,6433112.843014789
28593,14107017.39301671
28594,10846291.162301261
28595,3316714.274299434
28596,5105785.318627576
28597,5018154.434238955
28598,2696038.9749041675
28599,6511799.77225645
28600,8229516.608807589
28601,9729439.80139013
28602,8847359.490979366
28603,6217404.764766799
28604,8360973.530187979
28605,12043193.33625292
28606,6557017.717823843
28607,6174524.114267588
28608,3466245.7189936563
28609,23842178.991758216
28610,4448341.805866266
28611,5532982.438615614
28612,7516845.059294271
28613,4300451.337038383
28614,5729160.173575485
28615,8365087.433600028
28616,6636782.180236121
28617,11364278.568771794
28618,9650364.542442061
28619,9683354.884431051
28620,14089332.164220098
28621,6112976.608948659
28622,5490478.988805059
28623,3721463.431916157
28624,4540908.117271763
28625,31269538.584304266
28626,11686970.591889841
28627,3792903.683603413
28628,7342385.925728316
28629,7131795.890765228
28630,10914809.312194632
28631,8172531.194243791
28632,5698720.293112577
28633,10126414.769448949
28634,6224757.388066473
28635,2810981.0759758684
28636,6346542.743580463
28637,7726122.871531441
28638,3277760.475899563
28639,9819839.636801893
28640,4925453.584235608
28641,6643669.488131617
28642,6042344.864456213
28643,6310223.102499043
28644,10573699.612676347
28645,6089332.648752976
28646,5482801.211008056
28647,6685750.7645054525
28648,6164183.141380758
28649,4589682.262211744
28650,3971782.7418032507
28651,6887176.170644859
28652,8450510.782714179
28653,19061969.52638274
28654,4243774.0204403475
28655,4239650.169466241
28656,16691901.390543647
28657,8547031.634306047
28658,15913965.491365941
28659,5929970.547663325
28660,5511804.051806109
28661,6969623.552531052
28662,11985879.029816655
28663,4808727.523099856
28664,6082159.498704683
28665,7943349.546307934
28666,6846091.217760982
28667,7844460.016413092
28668,8883005.717424147
28669,10637756.776853796
28670,8074405.433932277
28671,5814306.683679772
28672,4877077.359389716
28673,13576372.546097461
28674,4651472.246837953
28675,4999462.287201951
28676,10395459.799470512
28677,5431547.743628783
28678,9894274.456653643
28679,4694451.847554317
28680,6761994.847094219
28681,3586957.702610488
28682,17877179.131972615
28683,10363069.792752218
28684,19086196.25799713
28685,8916405.222398983
28686,4746303.676210563
28687,4484803.978525735
28688,5912184.479553097
28689,7297432.10801084
28690,6757066.708613825
28691,4860607.805671841
28692,6346369.720556874
28693,4933162.35850158
28694,6962934.323892777
28695,7423039.413213814
28696,3432508.569064582
28697,5807634.723522206
28698,8460779.489064518
28699,3192393.505117056
28700,8737779.445918348
28701,38340495.861526325
28702,4533784.282634853
28703,5958280.462740491
28704,6575076.3768124515
28705,4658524.64865889
28706,11686163.071044195
28707,11546487.04956536
28708,5849568.164581451
28709,4233696.047131333
28710,2884564.61743636
28711,5311950.983094925
28712,4567427.021981296
28713,4886715.899944599
28714,6455063.488987013
28715,4567427.021981296
28716,4053867.9902579566
28717,5457686.584991888
28718,15816604.394812834
28719,6646402.579750029
28720,6275893.252595422
28721,7643998.920711028
28722,6308280.762920753
28723,12023557.117415557
28724,4878012.094307097
28725,4057747.197483807
28726,7380376.348217141
28727,5666711.348257636
28728,4973891.9904969735
28729,4693121.309553853
28730,7688424.437811933
28731,8210097.267794096
28732,18717757.90471592
28733,7321953.041440115
28734,2618618.0487918206
28735,6274468.3467235435
28736,10700039.592262981
28737,3695456.53759448
28738,5980667.665789576
28739,5226681.854065656
28740,9154841.100743743
28741,8027777.221272061
28742,6018351.648150873
28743,4762666.799973545
28744,6944468.987049208
28745,11485137.419335507
28746,8634993.624485942
28747,9336216.265217204
28748,7829027.435721401
28749,12848301.666781086
28750,12026078.008352505
28751,10543237.378374342
28752,2505073.5549801677
28753,6177003.241472005
28754,5826402.563270647
28755,5038098.844686223
28756,4973614.487473597
28757,8121028.257894557
28758,3033781.3221165994
28759,4927134.362910669
28760,6947647.123927693
28761,6076353.295841747
28762,7361684.542133311
28763,4832462.520510389
28764,4565904.478931198
28765,4371167.475153468
28766,2154858.825495608
28767,7377336.5792619735
28768,12249308.00483286
28769,7230892.826051243
28770,3368086.093301741
28771,7554131.595233228
28772,5739291.112711534
28773,4788354.977645598
28774,5404995.4005805515
28775,5058210.180228898
28776,5220354.901380381
28777,6537367.081193013
28778,5621518.421367182
28779,11784252.328453792
28780,7288575.399466237
28781,5829169.426982993
28782,10267975.095044069
28783,5929434.342077574
28784,6575749.882332815
28785,8597691.084168147
28786,21855418.85965654
28787,9704307.511916496
28788,3312662.0440003495
28789,7606364.579934327
28790,6429972.128843432
28791,7808105.9555936605
28792,4640325.019601086
28793,3423189.9341966393
28794,4405450.733415743
28795,8140400.700588417
28796,7123889.925517577
28797,7698058.714019176
28798,10133932.404512534
28799,7985067.093732389
28800,8264709.1932925265
28801,6202370.3395606335
28802,4848680.540895404
28803,9433525.552749347
28804,4825988.664199179
28805,1830615.571578268
28806,4149399.6906728363
28807,7320044.30223871
28808,5880293.672784918
28809,6837709.665623422
28810,6055497.013386758
28811,6231630.295120588
28812,7540288.178464546
28813,5437484.500941621
28814,8086048.072580496
28815,7523515.428670553
28816,6220716.507188252
28817,8414633.155256435
28818,12098353.91721201
28819,5237676.0550906025
28820,3666029.5468639727
28821,5932479.734679528
28822,3121150.4933207864
28823,6182879.0845624935
28824,21732883.064930797
28825,6963468.998674257
28826,13068424.162775537
28827,8712060.30173226
28828,4920207.606295024
28829,6814149.34830976
28830,6249008.515331955
28831,6823702.823850012
28832,5762552.332460824
28833,8957265.22790222
28834,2061774.0569257734
28835,7047453.441126695
28836,5754013.007690967
28837,5997574.988498611
28838,10373460.322053244
28839,7942780.594297969
28840,4843062.254676573
28841,3455521.706162487
28842,7754639.064175638
28843,13375834.66699502
28844,18055034.393834133
28845,3397464.4171137223
28846,6235369.454818285
28847,5021199.90173963
28848,3578229.4279259345
28849,7625183.881196714
28850,14479269.446855022
28851,5419209.305314342
28852,3994075.1162678665
28853,4736429.381811136
28854,17106145.531784475
28855,6386323.815876787
28856,23414291.918275736
28857,6735626.008527338
28858,7715442.602452937
28859,7976492.1579918545
28860,8082412.2323825015
28861,9534453.268286387
28862,10028270.984621577
28863,8527228.093730396
28864,4291313.249171895
28865,4661089.697452655
28866,5263112.194257327
28867,14567615.472513178
28868,6761122.709665765
28869,4507684.869650371
28870,2764219.3565015695
28871,19487480.906185567
28872,4808883.350199444
28873,3122094.979282871
28874,4785405.837431201
28875,3560436.4396917024
28876,7028956.933257825
28877,6647645.752456095
28878,6858074.284428724
28879,6384788.789560427
28880,7470742.443180235
28881,7842425.044250941
28882,5506579.2031045
28883,10642038.330286374
28884,6898330.761878948
28885,5727388.846839435
28886,6132855.46594209
28887,4786234.832446156
28888,4654938.232640128
28889,4417076.774110502
28890,6352571.360667041
28891,6082092.707769402
28892,4113452.742908291
28893,5580867.290320289
28894,6240742.563492947
28895,5507494.664722041
28896,9932208.938903451
28897,8196686.016447514
28898,4612211.274128151
28899,7117870.562682787
28900,8274713.583134282
28901,2333319.4846922467
28902,17542537.9220959
28903,4937007.765512438
28904,6316571.596509686
28905,8101611.2774069365
28906,5302809.039532554
28907,6818123.73598969
28908,5529454.589242833
28909,3168740.002934167
28910,5955652.742433663
28911,6739341.889414858
28912,6703835.162395168
28913,15424990.963476282
28914,10950303.29386361
28915,5747937.015641881
28916,8027464.574512141
28917,5957629.6217210945
28918,3216868.239827643
28919,8316095.838147258
28920,7920054.899493362
28921,4585768.435331592
28922,6582186.714615842
28923,8758847.80503959
28924,5458904.574917857
28925,4902453.151748822
28926,3709960.724714476
28927,6617611.66735046
28928,6333456.072222433
28929,1977343.3467626285
28930,6534488.1498882035
28931,8891836.467523368
28932,6433387.397577533
28933,6424253.923123949
28934,5106716.710832474
28935,7560597.584810773
28936,12623128.497425703
28937,9538458.464530265
28938,5844945.832330452
28939,6631888.129988904
28940,4556620.645349057
28941,8130021.42332093
28942,9709526.940415613
28943,10080182.641167587
28944,6024449.881415722
28945,8494805.686369734
28946,6435642.70479458
28947,2281185.895937511
28948,5177234.916596786
28949,13821369.749500198
28950,3512185.80120384
28951,4917429.9266092945
28952,13059301.643612007
28953,10408560.103823043
28954,6896464.883755575
28955,7286725.940628935
28956,5712838.999944466
28957,8208843.535476738
28958,6897153.86557496
28959,22580255.161877714
28960,4681132.443109784
28961,15700063.053168673
28962,6824714.495210502
28963,5441056.371548565
28964,6384370.281586574
28965,6611588.083622106
28966,5818923.058976643
28967,6263400.958559643
28968,4377851.263015042
28969,3901045.8057282753
28970,7067917.333391573
28971,9980909.71983055
28972,34763099.378519714
28973,4579454.598926868
28974,4250381.767974672
28975,13279282.97000305
28976,10731738.889765501
28977,4789790.191883274
28978,4722549.770157269
28979,3337258.813488098
28980,9166966.203761643
28981,6638681.989937257
28982,5673338.963133333
28983,6707875.337866361
28984,8171581.156422201
28985,5087463.461846043
28986,8331796.690666986
28987,6996356.277531629
28988,6544145.355357539
28989,10541937.301675074
28990,9195833.922592979
28991,3061978.1540011643
28992,27125098.600024715
28993,3765021.553538609
28994,9675025.881795814
28995,6866543.662551858
28996,7489364.840275209
28997,4227593.228970157
28998,5017326.776848869
28999,21025747.00700122
29000,4882442.8961371025
29001,8249131.092923864
29002,5310796.520952976
29003,6999595.312219398
29004,4688969.864279837
29005,9628805.38870983
29006,12338131.10440349
29007,9397388.955156311
29008,14638414.692625143
29009,2178618.6497628144
29010,6210316.075410148
29011,7761692.021319928
29012,6304279.637776177
29013,5072746.203611051
29014,3461265.806380423
29015,12598974.730666127
29016,8913952.43680771
29017,4633963.016894996
29018,9465323.971854603
29019,4391174.222755392
29020,4854108.172981323
29021,5493047.142892196
29022,7960903.850897941
29023,8335199.681383803
29024,2921255.531329615
29025,5788054.1557895085
29026,5197893.994218311
29027,4860797.215209144
29028,9216591.345688038
29029,8097537.945393355
29030,4352478.558067811
29031,8526013.797108354
29032,6475252.006721806
29033,8118079.456367854
29034,7143695.099049288
29035,4292241.945087808
29036,6747705.953941754
29037,6823542.688667425
29038,5171069.215430633
29039,4506833.088446782
29040,4797737.08020752
29041,4949947.204937363
29042,6591270.243883615
29043,8099382.264815163
29044,6037873.6368639665
29045,4536512.6998458505
29046,12275266.52494581
29047,6013487.226421432
29048,7614450.469369289
29049,6857739.466229728
29050,4285289.87937321
29051,16098828.588012444
29052,6417391.649192085
29053,5677470.237730841
29054,8316968.474568004
29055,5261102.217180874
29056,6939264.759656069
29057,10683730.857822444
29058,3061515.045947592
29059,7305261.375439398
29060,6352355.704300275
29061,5437501.167490164
29062,6804099.586105581
29063,4543777.061578501
29064,6277496.282303265
29065,8386949.860885654
29066,2866442.1435004817
29067,5785423.094740544
29068,3121150.4933207864
29069,5444538.946824874
29070,5828120.706921343
29071,5657861.606667532
29072,9222163.355342325
29073,9954602.843015844
29074,6088070.078041897
29075,8019423.224626647
29076,7375429.310771022
29077,7741910.263325309
29078,9206769.358399866
29079,9883941.99543498
29080,5728677.126077881
29081,33867747.76949311
29082,6686969.04539011
29083,12054774.608235365
29084,6586110.292284757
29085,6154977.111033162
29086,5439849.199491926
29087,5055495.657899627
29088,5757955.680604021
29089,5758689.72333623
29090,2212304.9128364725
29091,5775160.358646294
29092,6483850.251467274
29093,6881134.742919669
29094,6764899.890707044
29095,6773867.286107938
29096,6293530.407632598
29097,8847077.856309112
29098,8911181.958735809
29099,8793548.165936751
29100,4958654.846055061
29101,5931315.013133055
29102,5484279.33329763
29103,10386749.609664688
29104,5579105.10488525
29105,6392304.44806172
29106,4773983.176127872
29107,6226952.199488331
29108,5526570.330688967
29109,4738211.883873424
29110,1890355.442168912
29111,4820139.630942715
29112,4004986.1410006424
29113,3276955.623984848
29114,3645396.6997940666
29115,6025686.962944789
29116,3869048.9509714874
29117,4407574.725331873
29118,7412242.913704191
29119,4888720.1168375285
29120,4790692.292599543
29121,6421959.538833815
29122,11143713.4305173
29123,5508502.225774234
29124,6511225.362970207
29125,16780512.557687704
29126,3293518.968199224
29127,4333371.764800985
29128,5834433.5284702135
29129,5951605.043252236
29130,5134110.586035774
29131,6299272.62529931
29132,9345293.851972919
29133,6970055.611384757
29134,9933137.91312069
29135,5801112.161205047
29136,5021672.691741897
29137,3189548.832974963
29138,9173953.22609269
29139,2740137.2417101758
29140,6176039.754621829
29141,6748808.223716017
29142,10970928.277160952
29143,5231640.733049828
29144,3466796.0170009765
29145,9832011.930870788
29146,3292825.674515366
29147,4885774.800449473
29148,6651616.99839813
29149,5784254.868039837
29150,6681934.562392914
29151,7737770.948983177
29152,4026303.973282521
29153,7247768.90478433
29154,8350099.888386234
29155,7555360.712630331
29156,7866023.921214754
29157,8499520.15832027
29158,4802735.196821524
29159,6205167.23894067
29160,6290671.05404225
29161,8252979.434911783
29162,6400309.40303867
29163,6794604.667276882
29164,9242232.869499613
29165,2258524.2086535646
29166,4719749.811402462
29167,13751721.864535606
29168,6196950.806815674
29169,6596283.615940493
29170,7735869.373876428
29171,5934302.131898867
29172,11791420.737387557
29173,12934322.109938025
29174,5566025.8705006
29175,9522975.824912965
29176,6817856.338244036
29177,7001517.704666321
29178,8072161.744811336
29179,3758379.3351948815
29180,7321776.051187025
29181,4370342.95947009
29182,7991531.201597166
29183,7283564.806392458
29184,4490217.5343419695
29185,5457039.108409315
29186,4645406.900294739
29187,5788054.1557895085
29188,22269232.87899439
29189,6360573.552692017
29190,7614458.882364104
29191,8313208.862017773
29192,9644409.488718122
29193,4929292.760861098
29194,6742539.720004871
29195,11630008.538373688
29196,6037654.550473767
29197,5439495.480061972
29198,9197225.213246847
29199,4868014.580935962
29200,6922948.783594015
29201,8140403.600331951
29202,10974505.15627667
29203,3999355.188278723
29204,15117873.51662448
29205,6147997.13037729
29206,7162844.943380968
29207,6501966.190332755
29208,9237123.20656117
29209,7798771.40068258
29210,8277639.621472378
29211,24311215.806452036
29212,9484109.59730052
29213,7529878.442656997
29214,4436520.272114305
29215,6809104.648766194
29216,4151719.6773695266
29217,5591679.371422209
29218,7779621.518596486
29219,8238315.688951767
29220,5478338.3553240895
29221,6774401.881675662
29222,6151583.294645726
29223,8449769.06059442
29224,4861561.162699783
29225,6091606.8906455645
29226,7882374.266338944
29227,9170223.514659038
29228,9188582.430655537
29229,4548792.325491262
29230,10255462.702953814
29231,6787526.856949219
29232,8743955.005356703
29233,13224631.49028826
29234,6632551.686622636
29235,8187528.780286924
29236,9920724.06896337
29237,11072353.668484848
29238,5380212.449500735
29239,10997820.237279192
29240,9753427.877919385
29241,4606865.7320235865
29242,8824317.280033166
29243,6378466.2459151065
29244,4563191.122947899
29245,4387343.8962229
29246,4270084.56447019
29247,7006438.7011081865
29248,5602941.845631808
29249,8477347.768816376
29250,16798003.954747073
29251,12235043.221852409
29252,8511116.559286505
29253,5527280.206182793
29254,8374373.120158373
29255,6065685.537779439
29256,6101447.1005553715
29257,8120154.74723838
29258,10933503.375438556
29259,4728945.528968102
29260,8082776.875074892
29261,5181126.243158785
29262,5568906.21936387
29263,9660575.546506507
29264,6564242.770868971
29265,11170694.398739401
29266,7101136.61981197
29267,8567209.04735557
29268,7048183.035246272
29269,5768321.024377546
29270,8394159.386226863
29271,15418426.35306874
29272,11341422.735574484
29273,9418719.475168413
29274,9763468.587585056
29275,14390011.640463538
29276,10191180.472578099
29277,6744926.169728514
29278,4530308.266804639
29279,4611735.171297122
29280,7039461.349200209
29281,17592590.710425604
29282,7206296.230055834
29283,6106135.889180744
29284,4784340.566994036
29285,4151719.6773695266
29286,7561781.907005357
29287,8191030.06206008
29288,10754977.22345134
29289,6434803.878563118
29290,7664553.255472494
29291,6128646.259567353
29292,17130690.84207878
29293,12305566.825071493
29294,3939345.026149516
29295,7060641.9280944085
29296,9820870.047631014
29297,4239918.497261057
29298,10249269.6378579
29299,9343141.527739886
29300,24215597.06246578
29301,6199550.998447772
29302,3744659.2431705827
29303,9292388.802340282
29304,5441940.20076743
29305,9745790.74624358
29306,3306380.3482457735
29307,9177096.489617778
29308,6711154.823046391
29309,21697371.628645707
29310,9383735.357795369
29311,7760704.8451159205
29312,4592396.334071004
29313,9182252.519186474
29314,8586116.186939325
29315,5951740.546428632
29316,4577730.371514824
29317,5589778.457497542
29318,6012459.581213661
29319,7456274.093557351
29320,9904460.49157102
29321,4782430.04135397
29322,6032567.679207369
29323,8454141.001785507
29324,9539334.612120586
29325,5308386.437742452
29326,9794226.876170091
29327,6810239.464958414
29328,5844341.986226313
29329,8657659.66044665
29330,12997147.142081017
29331,6191550.146186904
29332,11344479.03753354
29333,9532920.610064516
29334,11109974.667448508
29335,16411424.790563837
29336,7853267.403518515
29337,5149958.125398381
29338,5193064.713889324
29339,7579300.184698127
29340,6985352.903243945
29341,10736301.881605957
29342,8735648.121983219
29343,9402200.76294004
29344,4564011.190783661
29345,9733035.963512829
29346,3484312.7624685923
29347,6448661.349373672
29348,6837795.45399505
29349,8777417.335689502
29350,8281436.360754259
29351,9701407.177613508
29352,5496304.201645586
29353,4541405.639049341
29354,5635234.839782182
29355,4989767.083919398
29356,6743040.463439379
29357,8293456.828542227
29358,15175933.307528747
29359,5925939.038903745
29360,6027941.166834644
29361,4031987.1803340395
29362,10585271.636857886
29363,5993611.867835401
29364,9642464.972203424
29365,6959291.923187779
29366,6484031.979116843
29367,12657438.32443679
29368,6811870.216050271
29369,7188902.199875406
29370,6388955.4872132
29371,6587886.952417012
29372,4376353.363170013
29373,6962934.323892777
29374,4115412.7926756153
29375,7523298.491795109
29376,6319216.292843054
29377,9824832.703885615
29378,28263423.928952023
29379,13860037.948428491
29380,8797530.149147723
29381,4170650.5428692196
29382,8695172.758075833
29383,6435189.4036876485
29384,4130666.1433425453
29385,11322480.52865285
29386,7192677.378263061
29387,6702650.122202492
29388,7801401.471293777
29389,6134233.387852193
29390,8505807.274973674
29391,3827907.4585014815
29392,4272730.988606728
29393,5713651.083884
29394,6340763.000723879
29395,4836557.673167282
29396,5923068.527720041
29397,9956003.39860885
29398,9901305.823791202
29399,4499776.049584776
29400,17271993.465120103
29401,16149494.97321375
29402,5898583.824381348
29403,10769946.021006862
29404,3002118.1094951523
29405,6999203.492132635
29406,12068150.447520044
29407,6771486.940062816
29408,9885208.394428447
29409,7219748.787682935
29410,9404895.422821123
29411,8750854.003927013
29412,9332167.269271748
29413,4579687.138117593
29414,9499342.059021283
29415,4480317.544249101
29416,6927812.094458169
29417,8243237.75910149
29418,3833063.5604700954
29419,1859184.7997612671
29420,9743366.664389458
29421,5052254.4180067405
29422,5213156.868811056
29423,5584332.963448584
29424,4030417.3901150427
29425,11053222.472356826
29426,11201239.797880456
29427,12412130.044163404
29428,7237980.939230335
29429,4263444.5259165345
29430,3032413.8524147724
29431,7446209.294024239
29432,6252461.100543048
29433,3602622.648060631
29434,12216055.742354803
29435,6059525.253836966
29436,8092440.668832619
29437,7111969.797425204
29438,8661840.965764537
29439,8434354.214815052
29440,6856759.43149448
29441,4637120.561139921
29442,8059333.755829718
29443,7595806.562921519
29444,4682545.628984672
29445,9952843.942663645
29446,5320646.812291375
29447,10215010.532640206
29448,7837233.155601835
29449,4983074.166659638
29450,6262776.144562769
29451,9806602.480194425
29452,8411905.639544625
29453,5389077.982742935
29454,5605309.34809469
29455,9895380.064962262
29456,4147095.533041614
29457,4932685.712570458
29458,6766186.546562734
29459,3635817.728398884
29460,4215043.11784216
29461,7133262.12111796
29462,7319862.332242342
29463,9549823.213186277
29464,3692135.0816096114
29465,5198094.694979031
29466,5897198.790312314
29467,7746000.295975216
29468,5036548.901128189
29469,18020166.336065818
29470,21689056.611329872
29471,6013189.352790499
29472,7673058.625683544
29473,11412695.61972059
29474,8340208.392104295
29475,10390305.942749616
29476,9108039.921070062
29477,6912674.830042296
29478,4145157.5645844094
29479,12638793.983368484
29480,7350487.996852598
29481,6352069.099866166
29482,7575439.045805724
29483,5752202.571730538
29484,9693302.677044572
29485,6763264.36032927
29486,9716704.957468916
29487,3933712.3240049966
29488,13072457.617712818
29489,6995387.537144109
29490,10353167.695095293
29491,6522194.6630087225
29492,8846086.560373964
29493,21256747.710288733
29494,8785693.571027935
29495,7361533.952116238
29496,3820141.2726991824
29497,8529430.768908123
29498,2370755.7458938267
29499,23159072.85886806
29500,5939921.6426635645
29501,8625650.633410092
29502,9166954.326539781
29503,6539590.925043571
29504,6821019.18927173
29505,4579280.58703554
29506,6656968.467487384
29507,7205197.018410811
29508,6378787.675360166
29509,7084909.939884288
29510,6631116.2046463
29511,13641909.786327375
29512,14045320.137074992
29513,4229419.158353883
29514,6914701.737446365
29515,3983673.7531609954
29516,8066777.163170774
29517,8614335.834958017
29518,4832533.685027354
29519,13241068.582448289
29520,41214463.38383401
29521,7632118.39640108
29522,5043049.890425326
29523,6659485.078329524
29524,6849534.410511114
29525,6094176.630614093
29526,6736044.068314093
29527,5109990.578667935
29528,6466999.027949855
29529,9327901.168068426
29530,12302386.379579078
29531,7096979.398023728
29532,7107812.684483443
29533,19855089.634749386
29534,5479759.241728538
29535,6834831.997451034
29536,8237966.0621050615
29537,22121538.585296884
29538,8779009.147095062
29539,2644019.704323621
29540,6276741.675292721
29541,6236736.89724875
29542,3325136.5030888095
29543,4872379.236233983
29544,4949066.155507548
29545,7122360.413773053
29546,6753739.752906917
29547,7700447.546049189
29548,7432708.743788274
29549,11405958.418550707
29550,5382775.896752705
29551,5142141.135502628
29552,10044269.314688625
29553,9090763.991671922
29554,4100938.5635679294
29555,4088329.3303653277
29556,14271805.52167339
29557,9159081.957687752
29558,6628340.104272192
29559,4725711.260854931
29560,9168333.338265382
29561,5714443.836111842
29562,9895358.224077493
29563,18754743.362338524
29564,8544075.129640501
29565,7054455.566470645
29566,9922311.002653528
29567,2279387.5507779205
29568,2731823.29491152
29569,9853930.425887851
29570,9642446.473362528
29571,6778194.648184211
29572,6069399.2592615
29573,5546699.148149945
29574,2946474.70970524
29575,4476399.6124151535
29576,5989173.436299901
29577,6246235.749650276
29578,8120154.74723838
29579,6435703.59295616
29580,7830416.9842902925
29581,7264405.513022763
29582,6382260.358032374
29583,6768955.086779091
29584,3590895.34498593
29585,6228812.854095904
29586,6815056.065719512
29587,5591648.177956897
29588,4229046.541208091
29589,6816724.041613602
29590,6474769.625030027
29591,9012659.382229995
29592,5017667.246005367
29593,6556919.547396636
29594,11659231.689275967
29595,9971015.719766604
29596,6113099.201116663
29597,7526104.1593809035
29598,4508576.5195991425
29599,7015524.236621565
29600,5210122.049484923
29601,9681592.566707635
29602,7677052.470913243
29603,6947655.323771952
29604,4928284.92300085
29605,9923240.826735685
29606,28662552.512674425
29607,9029611.166990932
29608,9788247.289251857
29609,5799302.793757257
29610,5911858.547666266
29611,5955996.79052939
29612,7169055.691987448
29613,4270933.574341207
29614,19737752.802189235
29615,7390100.809792518
29616,6982395.658544603
29617,7904177.6790215345
29618,7150487.4257333055
29619,6299916.84538251
29620,4931682.507669995
29621,6087552.814706576
29622,10066767.23149656
29623,6809170.87670093
29624,7675900.391604053
29625,4507064.93582726
29626,7380513.124898611
29627,5834373.387342282
29628,6576974.104071883
29629,3390064.9718048545
29630,8250987.237193457
29631,3180548.45342243
29632,5907116.210952856
29633,2053707.06393752
29634,4660052.42664785
29635,12200168.45168641
29636,4030417.3901150427
29637,7002583.708129301
29638,4801281.3818164375
29639,6796672.492968577
29640,4207699.838941957
29641,6316574.867962064
29642,8775780.279999577
29643,3565255.351422093
29644,8528490.367477011
29645,6686139.06304268
29646,11127187.327920279
29647,3608749.5199227366
29648,5530745.991848493
29649,4131681.0843383614
29650,6144647.253228734
29651,5096359.303357612
29652,4377487.581048178
29653,6038576.651762698
29654,5998590.088102758
29655,4095251.872950054
29656,4359786.459356324
29657,4099307.3804850313
29658,12632252.86451411
29659,44656946.63028633
29660,8139215.106392953
29661,4855053.478789677
29662,2893738.4044001917
29663,14870478.264707755
29664,6633464.208112998
29665,11250973.795138767
29666,4948296.856866437
29667,9182814.658436764
29668,9871957.214720901
29669,4271401.906759965
29670,4856321.051046719
29671,3225646.369596369
29672,6485196.292481293
29673,9374669.354167787
29674,6954607.136301609
29675,6183011.035506102
29676,3816942.688695093
29677,6358050.212628235
29678,9450802.78987116
29679,11940631.029068442
29680,6038326.706742101
29681,2272990.0793256545
29682,7147523.052433444
29683,5237769.440031169
29684,3759149.9584520143
29685,14263067.366848495
29686,4145097.9059765316
29687,7278412.169186236
29688,6817064.540602923
29689,15170709.270714566
29690,5216162.020914295
29691,9981676.954554461
29692,4173408.101044808
29693,8528737.467820425
29694,41777554.99231572
29695,5539939.699013026
29696,5649945.653596208
29697,6382447.43699528
29698,6951063.276479577
29699,11086491.900430975
29700,8100754.563622385
29701,8539652.741686324
29702,7258868.794757823
29703,8712687.36095606
29704,5533777.916576449
29705,6743271.4682375565
29706,5036789.774734049
29707,8188575.569661793
29708,2694189.266595093
29709,2923056.9547034707
29710,4646598.220213598
29711,6284784.377526113
29712,11696665.747679345
29713,11898252.059056118
29714,5817207.972129363
29715,5710135.481121913
29716,12456656.898898484
29717,4275733.434132949
29718,5371632.451422625
29719,5476036.883216089
29720,11520336.914211528
29721,15052123.870425887
29722,11002355.706724841
29723,5815677.508803524
29724,5686047.143728014
29725,10686401.638548864
29726,6793089.382647209
29727,5185827.026136596
29728,11642391.135724869
29729,4961913.2850959515
29730,22974417.056076176
29731,3253748.8463340024
29732,5969211.647110161
29733,5045082.151924171
29734,8073633.566851868
29735,6371648.311806628
29736,5628890.245506375
29737,7738691.285972932
29738,12048936.131764306
29739,5441899.385555098
29740,2845697.7623764337
29741,7457817.534332912
29742,7960498.480274283
29743,8101429.309429972
29744,11812516.195969
29745,2623348.7022135216
29746,5891823.998255945
29747,13308885.974223912
29748,8753208.699586423
29749,6944041.401584416
29750,5967264.980529684
29751,9470902.699372588
29752,5521801.064949143
29753,11821226.226492276
29754,6221061.14220736
29755,11574401.978490569
29756,4825426.484952297
29757,6410551.711989535
29758,7249006.963885793
29759,4457622.878998955
29760,2055508.5865999954
29761,7200457.935417389
29762,4488791.223866331
29763,4825139.5664134035
29764,5679015.068040638
29765,5307054.61436202
29766,9376655.61068629
29767,7769602.880813871
29768,6649438.599286449
29769,5028307.325686055
29770,19438972.038023405
29771,6338209.92780525
29772,14005936.852938663
29773,8065600.136434066
29774,2333665.8999194023
29775,6056949.651972832
29776,10419470.199477574
29777,10679321.60546841
29778,4563581.51938212
29779,7220206.506247798
29780,7412304.870791997
29781,6819649.087074544
29782,11435462.646821903
29783,11133028.550189398
29784,4080046.1534451568
29785,8579743.884453848
29786,8398012.63988251
29787,6705368.56874629
29788,9396881.36205187
29789,9301597.703484433
29790,16328053.094077628
29791,5310345.220792619
29792,7640336.42218025
29793,6367212.747895585
29794,5738810.832706195
29795,7885586.657222278
29796,5673123.675888668
29797,4599434.123932303
29798,6867427.829823439
29799,6436049.986459345
29800,7241006.293668079
29801,7905791.482992132
29802,9658634.147167781
29803,4341901.66352274
29804,3497496.32557265
29805,8139215.106392953
29806,5204619.409153356
29807,19181946.484955262
29808,4858208.694609674
29809,7775390.24551938
29810,14193396.627889639
29811,5138091.538026399
29812,5768532.778907386
29813,8443622.515192006
29814,3737050.7150890357
29815,7308286.587111906
29816,6120086.1292644115
29817,6402726.183743522
29818,14248054.245222906
29819,11177993.74241641
29820,6946194.416618331
29821,7308043.09103779
29822,4784148.981623153
29823,6067776.141326089
29824,5670653.094878053
29825,3237817.108016425
29826,8669322.05107407
29827,8655845.449674023
29828,5633488.047717006
29829,5407897.6622606795
29830,8191940.756477308
29831,16063835.223554138
29832,7034200.549396248
29833,18649181.882827055
29834,7939903.632330666
29835,5236341.115048922
29836,6698198.891928639
29837,6199925.746761507
29838,5613978.8696530145
29839,8191027.772266257
29840,6796981.727581542
29841,10610809.847168224
29842,11893071.844134014
29843,4767546.955904168
29844,7509209.692998011
29845,8238833.8098548865
29846,5799358.510269959
29847,4452028.532299105
29848,10871759.375832992
29849,4321406.453127538
29850,23673893.652600635
29851,4233088.858424726
29852,5811450.723401654
29853,7864246.031994989
29854,8559456.563917935
29855,6654187.192260098
29856,6998163.900514115
29857,7640577.25517509
29858,10035975.970028482
29859,9434529.210803622
29860,9551177.183351232
29861,1982713.3295603604
29862,6834726.936951297
29863,4295780.935248504
29864,8228666.826652335
29865,7986141.521611251
29866,7266367.052103541
29867,6626913.825278173
29868,5973279.66935324
29869,6806808.290790957
29870,5878702.715404024
29871,5639875.346643391
29872,6211043.40773985
29873,6709789.558235901
29874,6526231.571996545
29875,4031672.582969875
29876,4736042.926476796
29877,8949568.59319213
29878,6439977.612134977
29879,7254262.139905386
29880,7317893.746006362
29881,8068144.441998306
29882,7392092.3037785655
29883,7290680.225031734
29884,11644717.881475784
29885,7443439.55552867
29886,4762831.843255682
29887,4865561.81145268
29888,5452392.21278244
29889,8520144.35710719
29890,5006394.358512048
29891,7109063.449895715
29892,3995082.5794224357
29893,11217065.117845781
29894,8368406.024001566
29895,3764927.4420872615
29896,6152161.154589261
29897,6385592.284262355
29898,7292780.16369179
29899,7356887.738376351
29900,7136122.225668351
29901,4301094.9443492675
29902,7742027.257388622
29903,6040465.190606082
29904,11005568.353182226
29905,8011010.866039568
29906,14006689.665770227
29907,14395436.713145595
29908,5960677.4025249975
29909,5961330.639900535
29910,3124002.393184513
29911,7084654.881533019
29912,2916214.906823879
29913,23965596.739076693
29914,6881363.450696242
29915,3911850.928664052
29916,6006851.8036098415
29917,12524062.864068706
29918,6573965.958630663
29919,5272951.433385122
29920,3082339.991773183
29921,4686226.754593988
29922,6939789.904428814
29923,6581517.180103852
29924,6767188.185644372
29925,18403155.24201574
29926,7266986.724190956
29927,6072535.062168911
29928,4738609.098152097
29929,8240922.510652749
29930,6214273.775498383
29931,5234995.239007519
29932,6578401.145051165
29933,4842251.772501359
29934,5167367.45905367
29935,7541142.370930176
29936,5133617.247181679
29937,6631412.298165064
29938,7382891.851116304
29939,6499642.146004258
29940,4379151.545082725
29941,6235574.606821502
29942,12737227.656936424
29943,6060075.5962186875
29944,9133416.107059013
29945,8228666.826652335
29946,3475716.170073167
29947,6075360.420297768
29948,7141142.675760033
29949,12929531.068160148
29950,5959632.509233017
29951,6920140.059439491
29952,6347737.253769124
29953,6006157.649801353
29954,9986373.024539415
29955,6288970.72353072
29956,6164980.31840336
29957,3028344.9632423623
29958,13766602.987095425
29959,2249592.984830613
29960,7147743.53256035
29961,7262713.58040376
29962,5978270.905275889
29963,7105249.536198436
29964,7406210.2677729195
29965,15326149.31610721
29966,8434679.693524523
29967,10377835.848787962
29968,6270928.465419852
29969,4422481.009108434
29970,10131329.30814129
29971,8239906.251101709
29972,5100604.94827582
29973,4290285.714847398
29974,10491730.046026364
29975,3959010.396970296
29976,12327585.818548147
29977,7620000.123139558
29978,26807799.341764893
29979,7147110.136290867
29980,8140598.54469224
29981,7249516.906209095
29982,6450575.432917799
29983,16419579.648183888
29984,2060143.149755205
29985,6489247.179007655
29986,6393634.527186205
29987,2848282.8912707316
29988,3873242.559690144
29989,6448076.847134488
29990,12564982.893800355
29991,9622721.547029324
29992,3605578.0155916484
29993,7211228.943155856
29994,13378986.19816158
29995,11099881.263686558
29996,4789720.767029706
29997,4248611.292708853
29998,4271586.530811332
29999,5859781.587053876
30000,23456106.738640565
30001,6766192.1244073585
30002,3990844.954047074
30003,9684399.968341582
30004,7310632.371984283
30005,14546899.767205099
30006,3462758.9325235705
30007,7998567.8517459035
30008,2523116.5512586883
30009,9602007.885954421
30010,6457326.4596167505
30011,7171473.088360839
30012,8669713.973774878
30013,6906978.866780962
30014,4912728.730668078
30015,6284393.110559523
30016,5727096.0438109785
30017,7726982.344598852
30018,10449540.711637538
30019,6682866.980350251
30020,7981794.763665159
30021,6726194.505906891
30022,5251632.977112396
30023,5948340.839131693
30024,5180732.065515174
30025,7084909.939884288
30026,4439450.161963014
30027,5260068.3004728025
30028,20483382.72295049
30029,6775582.127786723
30030,5856060.457880848
30031,4662626.0960401045
30032,12638883.2829211
30033,6911762.579215088
30034,10805030.190138992
30035,4960536.46532752
30036,3324011.88366977
30037,4158627.094411801
30038,9946524.956799516
30039,7560357.644548584
30040,9429482.057528421
30041,3993454.263668882
30042,6242103.692886791
30043,8346962.8241820205
30044,9932046.496419208
30045,4184634.489166093
30046,5283432.871399358
30047,5836284.958717111
30048,36119728.93405284
30049,7015524.236621565
30050,10999977.727749562
30051,14218604.934657577
30052,12726636.164836265
30053,12991160.508866081
30054,5754428.168030768
30055,8117026.201881985
30056,4719997.375996387
30057,4761678.28364719
30058,8754446.141892742
30059,3278116.5123615223
30060,3146152.819018459
30061,7081161.747154623
30062,8397342.922325438
30063,4835322.730669607
30064,5113809.003002397
30065,4136635.1926771975
30066,7593934.893010841
30067,8508755.8802618
30068,5359011.417829757
30069,4748698.01954699
30070,5451476.178346133
30071,3740731.767486532
30072,5476707.098283897
30073,9643201.431144997
30074,10868408.124193795
30075,6764899.890707044
30076,2219451.577602421
30077,6604803.600529284
30078,13686859.773436721
30079,15541045.657944653
30080,4745175.6813639635
30081,11872777.208175838
30082,38340495.861526325
30083,6247190.484290602
30084,6765240.607641404
30085,8469671.302216643
30086,4753444.422040146
30087,5437862.250343608
30088,5974667.297127391
30089,6842838.308011797
30090,5648093.65206512
30091,10243274.529763985
30092,4307403.534373111
30093,6701605.91402148
30094,5232106.954033075
30095,5918193.203682076
30096,4717866.732608705
30097,4941685.184343843
30098,4951946.893520739
30099,8849109.60476769
30100,3482945.7501329207
30101,14554932.502468282
30102,4857527.90898105
30103,9380355.276535792
30104,4881590.414247906
30105,4908459.26649928
30106,10956841.659652323
30107,6729757.291532426
30108,3669302.0529893944
30109,6787374.250600138
30110,5211699.837515735
30111,9273174.281873683
30112,8887679.95675701
30113,6378115.441427304
30114,3172980.1980834645
30115,6685321.233871228
30116,4799251.974150631
30117,9813163.924082983
30118,5052676.677212854
30119,11088575.417056184
30120,11616406.933834337
30121,8444346.147535846
30122,4878972.590426919
30123,3259064.8136084233
30124,7563839.843047254
30125,6691197.122294609
30126,4396903.127914273
30127,3964283.185134594
30128,4395959.857730703
30129,9425870.050100824
30130,4491194.504327912
30131,8056653.169835669
30132,11510990.827358166
30133,5548159.580920821
30134,7291656.735776905
30135,15624780.847321121
30136,11015731.023514342
30137,7595615.282876189
30138,7407355.684124407
30139,6676717.254908987
30140,4727587.012057891
30141,13945238.174377775
30142,5376510.662025748
30143,20266737.28111713
30144,13084473.329145096
30145,6183854.866113028
30146,12279589.99615369
30147,5617757.31445843
30148,3614432.2340737274
30149,4761915.8719094265
30150,10426512.642242242
30151,5762035.095969516
30152,13385730.272182332
30153,17739164.226327866
30154,7450163.67236579
30155,3473837.0042076902
30156,3028344.9632423623
30157,8987973.942946196
30158,6218783.287610152
30159,10619656.280911714
30160,6762900.143329609
30161,10040847.170665523
30162,10144837.452362148
30163,7329825.727934067
30164,12398470.59566701
30165,4706487.686755217
30166,8856066.69955596
30167,10002318.814415213
30168,13457851.027356928
30169,5342976.638281463
30170,3489783.098360634
30171,1788257.6584565826
30172,4557742.747117678
30173,3031267.598191429
30174,6113110.238613941
30175,9531642.285094945
30176,8391915.178088166
30177,4635411.852350989
30178,3720699.166654825
30179,9464155.130032213
30180,8255525.480404753
30181,5225182.590585363
30182,2392640.253068666
30183,4570622.175477493
30184,6042652.767938393
30185,6720169.177033424
30186,8880711.503377538
30187,8497208.658674149
30188,8187058.880709199
30189,6704642.870331154
30190,7391789.67739474
30191,9301521.238724854
30192,7127053.134883606
30193,1986182.2490765257
30194,17449247.005025532
30195,8385834.1121174805
30196,12695905.18503934
30197,6160417.280349668
30198,5128260.391761979
30199,6056667.352637451
30200,6899774.717795589
30201,17035861.32957763
30202,6857058.767051171
30203,10848129.864230167
30204,6688611.527236951
30205,10018479.071844352
30206,6611916.505132328
30207,5236365.116833459
30208,6873006.316932616
30209,3738360.2557254108
30210,4502194.492025741
30211,5761342.508011383
30212,6078008.01205691
30213,18426186.42681727
30214,6085704.283952747
30215,4879561.889538267
30216,7803167.085530484
30217,5912642.11212323
30218,6445750.315751314
30219,12256259.645209333
30220,3417959.338196879
30221,12065155.379972098
30222,5687040.824236216
30223,1980488.9019403197
30224,16071103.906104488
30225,7333447.416207047
30226,5699813.39640774
30227,8377202.83677294
30228,1979375.2361257707
30229,19346996.226746798
30230,9596866.86283419
30231,5637896.399576024
30232,7144187.918901521
30233,19496129.530448027
30234,5893072.420810823
30235,2155294.0952957063
30236,14622616.020258484
30237,5825987.8318516165
30238,6579773.534342681
30239,6323623.667845331
30240,6197251.926420432
30241,8394027.446415044
30242,11464940.952085612
30243,4896997.006217472
30244,10792924.465193132
30245,5229254.958883234
30246,5772212.4217247
30247,7225478.473118613
30248,9619473.670793677
30249,8116201.384865191
30250,4650437.1787661305
30251,8276776.589429912
30252,8377398.450703921
30253,7149995.31917718
30254,4076178.03258601
30255,8049178.170877167
30256,8159324.750349075
30257,19737330.041654985
30258,3917288.6477779928
30259,6227057.311951997
30260,6114286.640418239
30261,6820788.019384486
30262,9441186.03283194
30263,6805400.1594299
30264,4857527.90898105
30265,9676561.421186427
30266,6980724.824654038
30267,7441988.412409439
30268,9222952.823983787
30269,4035518.776634741
30270,6804386.082663735
30271,10789899.352655165
30272,6379395.132399688
30273,10871928.667008068
30274,5973306.393060816
30275,8443622.515192006
30276,12091089.57619248
30277,4730630.940334152
30278,3961373.5578764114
30279,4903997.319871273
30280,13772373.129417462
30281,6777258.931874979
30282,12242483.799899863
30283,4663790.838848671
30284,9748417.364678372
30285,4219648.4300737595
30286,7193648.154918706
30287,6113004.211831247
30288,5864080.293798117
30289,4310244.177877909
30290,7819705.256922404
30291,6951730.407392443
30292,7001809.965204732
30293,3872348.5922464947
30294,3346495.640698306
30295,8787110.408080757
30296,6736073.298656314
30297,6553616.901835025
30298,7095726.307821165
30299,6619190.5369446715
30300,8110875.1930529885
30301,15259116.275062254
30302,7980223.542732069
30303,6428785.217667766
30304,9776322.138287608
30305,14003873.131977707
30306,5576226.411819397
30307,6681837.627297672
30308,8371041.510151665
30309,6360573.552692017
30310,8443622.515192006
30311,5938896.838659409
30312,2767871.1423388147
30313,5749639.633670424
30314,15883516.147396302
30315,1833761.126755959
30316,6431236.619405214
30317,10371518.201279743
30318,9234301.050576018
30319,5934044.936497308
30320,8388724.105673669
30321,9944892.616832023
30322,4219648.4300737595
30323,23216956.79222855
30324,6030757.008897005
30325,6694893.239537111
30326,8811166.2471655
30327,4942612.319227198
30328,9594937.450909218
30329,3373312.164759842
30330,7042948.113439112
30331,9670457.007596808
30332,3228140.683677618
30333,6891228.827808939
30334,6439193.408191003
30335,19282826.6952464
30336,6873834.305836165
30337,6910180.337551397
30338,6360003.533944481
30339,6203697.16160744
30340,9127128.274474613
30341,6871673.39512101
30342,3512160.7433910626
30343,7041454.157037544
30344,7980902.854166682
30345,6379151.592688832
30346,5062773.329382598
30347,6599025.055785104
30348,5161144.423794142
30349,7560272.412008715
30350,7763514.670696577
30351,3275166.115507884
30352,10262327.02505201
30353,12406240.706096632
30354,4787671.079195359
30355,5807258.2211543955
30356,3711664.0638700156
30357,4372257.366760647
30358,22286241.623264804
30359,14635945.705299046
30360,4863799.926836793
30361,6463665.479381306
30362,14703573.101311317
30363,7270728.310982056
30364,11817558.665168671
30365,7402190.333827921
30366,5959132.598993149
30367,4934410.432100497
30368,9075289.676078752
30369,4637369.828841547
30370,5222077.206047622
30371,7882205.735701463
30372,21879176.695770968
30373,19215080.67447222
30374,7190800.792323257
30375,11210955.162524173
30376,7772712.395780713
30377,5717337.68369177
30378,4711774.250102045
30379,7804804.222745049
30380,5363226.305735421
30381,7146066.779856392
30382,5381461.156046351
30383,3697156.2355795847
30384,13687835.016405422
30385,9526195.29290942
30386,3551514.5069600255
30387,5785684.09379807
30388,7331683.288110208
30389,7450472.4055487085
30390,7009918.200798134
30391,3322714.5197405815
30392,4704145.596036753
30393,7270373.855667447
30394,4352678.112725371
30395,6813061.343830167
30396,4626013.162800234
30397,6114991.276527866
30398,4652186.139762088
30399,5560674.805673736
30400,28471614.550281826
30401,3744684.9258049475
30402,6141730.6548015
30403,20248341.499586754
30404,4648653.422880281
30405,5990882.749806434
30406,11006046.583724156
30407,6765514.093196417
30408,11652656.653814085
30409,18524987.034025475
30410,5724188.912462504
30411,9847215.678089391
30412,6709496.936553566
30413,6270886.695820589
30414,6302828.883903173
30415,7843638.388291463
30416,7846207.128698769
30417,4151441.6784567046
30418,3884005.3788322094
30419,7303767.449181993
30420,6292121.75642299
30421,3574287.227761048
30422,12222560.875264298
30423,14027875.62944944
30424,6910361.726241941
30425,9188037.997914404
30426,7110343.417109862
30427,4287217.70862338
30428,5742757.316516256
30429,7752163.979517987
30430,6540052.858170606
30431,4470253.585760462
30432,4618583.260507926
30433,6007914.366230786
30434,12830985.134347098
30435,9935591.576329913
30436,6583262.617087512
30437,7853319.928564534
30438,7250667.452986631
30439,6239891.350005357
30440,9665319.776911214
30441,17446867.25298672
30442,9414520.98182222
30443,22996131.40686337
30444,14919513.950791059
30445,4492061.552301797
30446,7798496.36642348
30447,12215651.647446293
30448,8474706.692588504
30449,7884415.199123709
30450,5913935.196691804
30451,6873995.210486733
30452,8368020.345328239
30453,9831513.537420401
30454,2261604.1341385697
30455,6430091.865737226
30456,5465593.294485905
30457,5955034.479662109
30458,8065601.150899377
30459,8180884.889236991
30460,7073376.141627258
30461,5693362.444625881
30462,5021041.917162358
30463,8302910.700554497
30464,6569931.612905728
30465,8600558.622170871
30466,9651087.231843382
30467,8918460.217958357
30468,5590638.417212868
30469,6815745.684210011
30470,19660737.42444245
30471,5264229.639020567
30472,10481869.576236531
30473,5663075.707567229
